state_code,unitPrice,cloth_done,convStore_done,edu_all_statecode,hardware_done,hsp_and_clc,illegal_don,mrt,night_club,park,ubike,restaurant,job
552226718,717000.0,,,2.0,,,,,,,,1.0,
552326738,341000.0,,,,,,,,,,,,
552326739,436000.0,,,1.0,,,,,,,,1.0,
552326740,406000.0,,,,,,,,,,,,
552326741,480000.0,,,,,,,,,,,,1.0
552326742,368000.0,,,,,,,,,,,,
552426744,422000.0,,,,,,,,,,,,
552426745,462000.0,,,,,,,,,,,6.0,
552426746,425000.0,,,1.0,,,,,,,,1.0,
552426748,338000.0,1.0,,,,,,,,,,6.0,
552426749,449500.0,,1.0,,,,,,,,,9.0,
552426750,512000.0,,,,,,,,,,,4.0,
552426752,519000.0,1.0,,,,,,,,,,3.0,
552426754,456000.0,,,,,,,,,,,4.0,
552426755,517000.0,,1.0,,,1.0,,,,,,10.0,
552426756,399000.0,2.0,1.0,,1.0,,,,,,,8.0,
552426757,496000.0,,,,,,1.0,,,,,21.0,
552426758,439500.0,,1.0,,,,1.0,,,,,9.0,
552426759,427500.0,,,,,,,,,,,4.0,
552426760,383000.0,,,,,,1.0,,,,,11.0,1.0
552426761,491500.0,1.0,,,1.0,,1.0,,,,,9.0,
552426762,492000.0,,2.0,,,,1.0,,,,,10.0,
552426763,488500.0,,,,,,,,,,,12.0,
552426764,454000.0,,,,,,,,,,,1.0,
552526761,502000.0,,,1.0,,,,,,,,,
552526763,412000.0,,,,,,,,,,,1.0,
552526764,505000.0,,1.0,1.0,,,1.0,,,,,11.0,
552526765,429000.0,1.0,,,,,1.0,,,,,16.0,
552526766,400000.0,,,,2.0,,,,,,,14.0,
552526767,462000.0,,1.0,,,,2.0,,,,,7.0,
552526768,621000.0,,1.0,,,,1.0,,,,,8.0,
552526769,371000.0,1.0,,,1.0,,,,,,,4.0,
552526770,346000.0,,,,,,,,,,,4.0,
552526771,397500.0,1.0,,,,,,,,,,3.0,
552526772,405500.0,1.0,,3.0,1.0,,2.0,,,,,4.0,
552526773,469000.0,,1.0,1.0,1.0,,,,,,,12.0,
552526774,472000.0,,1.0,,,,,,,,,6.0,
552526775,460000.0,,1.0,,2.0,,1.0,,,,,8.0,
552526776,437500.0,,,,,,,,,,,10.0,
552526777,418000.0,,2.0,1.0,,,1.0,,,1.0,,14.0,
552526778,414000.0,1.0,1.0,2.0,,,,,,,,7.0,
552526779,454500.0,,,1.0,,,2.0,,,,,7.0,
552526780,420000.0,,,2.0,,,,,,,,5.0,
552526781,395500.0,,1.0,,,,,,,,,14.0,
552526782,440000.0,,2.0,1.0,,,,,,,,29.0,
552526784,376000.0,,,,,,,,,,,2.0,
552626777,340000.0,,,,,,,,,,,1.0,
552626778,460000.0,,,,,,,,,,,7.0,
552626779,451000.0,,,,,,,,,,,3.0,
552626780,364000.0,,2.0,1.0,,,,,,,1.0,2.0,
552626781,378000.0,,,1.0,,,,,,,,6.0,
552626782,479000.0,,2.0,2.0,,,,,,,,17.0,
552626783,505000.0,2.0,1.0,,,,2.0,,,,,47.0,
552626784,442500.0,2.0,1.0,2.0,,,4.0,,,,,71.0,
552626785,428000.0,2.0,,1.0,,,,,,,,57.0,1.0
552626786,459500.0,2.0,2.0,,1.0,,3.0,,,,,20.0,
552626787,412500.0,2.0,2.0,1.0,,,2.0,,,,,27.0,
552626788,538000.0,1.0,,,1.0,,2.0,,,,,23.0,
552626789,581000.0,2.0,1.0,,,1.0,1.0,,,,,19.0,
552626790,401000.0,2.0,2.0,3.0,1.0,1.0,1.0,,1.0,,,22.0,
552626791,487000.0,1.0,,,,,1.0,,,,,22.0,
552626792,464000.0,,,2.0,,,1.0,,,,,6.0,
552626793,511000.0,,,,,,1.0,,,,,17.0,
552626794,546500.0,,,1.0,,,,,,,,3.0,
552626795,377000.0,,,,1.0,,1.0,,,,,2.0,
552626796,418000.0,,,2.0,,,,,,,,3.0,
552626797,462000.0,,,,,,,,,,,,
552626798,425000.0,,,,,,,,,,,1.0,
552626799,347000.0,,,,,,,,,,,,
552626800,488000.0,,,,,,,,,,,1.0,
552726793,447000.0,,,,,,,,,,,,
552726794,636000.0,1.0,,,,,,,,,,15.0,
552726795,410000.0,,1.0,,,,1.0,,,,,11.0,5.0
552726796,537000.0,1.0,1.0,1.0,,,,,,,,14.0,
552726797,422000.0,,1.0,,,,,,,,,10.0,
552726798,370000.0,,,,,,,,,,,3.0,
552726799,443000.0,1.0,,1.0,,,3.0,,,,,10.0,
552726800,441000.0,1.0,,,,,,,,,,8.0,
552726801,429000.0,,,,,,1.0,,,,,11.0,
552726802,548000.0,,,,,,6.0,,1.0,,,10.0,5.0
552726803,435000.0,,,,,,,,,,,12.0,
552726804,367500.0,,,,,,,,,,,14.0,1.0
552726805,418000.0,,1.0,,,,,,,,,7.0,1.0
552726806,434000.0,,,,,,1.0,,,,,8.0,
552726807,358000.0,,1.0,,,,2.0,,,,,7.0,
552726808,344000.0,,,1.0,,,,,,,,5.0,
552726809,372000.0,,,,1.0,,1.0,,,,,5.0,
552726810,376000.0,,,1.0,,,,,,,,4.0,
552726811,446500.0,,,,,,1.0,,,,,2.0,
552726812,604000.0,,,,,,,,,,,1.0,
552726813,377000.0,,,1.0,,,,,,,,1.0,
552726814,498000.0,,,,,,,,,,,1.0,
552826809,439000.0,,,,,,,,,,,1.0,
552826811,555000.0,,,,,,,,,,,1.0,
552826812,488000.0,,,,1.0,,1.0,,,,,5.0,
552826813,581500.0,,,,,,1.0,,,,,5.0,
552826814,492000.0,,1.0,,,,,,,,,2.0,
552826815,720500.0,,,,,,1.0,,,,,8.0,
552826816,412000.0,,,1.0,,,1.0,,,1.0,,3.0,
552826817,441000.0,,2.0,,,,,,,,,7.0,
552826818,507000.0,,,1.0,2.0,1.0,1.0,,,,,15.0,
552826819,549500.0,,,2.0,,,,,,,,16.0,
552826820,475500.0,,1.0,,1.0,,,,,,,14.0,
552826821,514000.0,,2.0,2.0,,1.0,,2.0,,,,23.0,
552826822,456500.0,2.0,1.0,,,,4.0,,,,1.0,38.0,
552826823,483000.0,1.0,,,,,2.0,2.0,,,,22.0,
552826824,453500.0,,2.0,,,,1.0,,,1.0,,29.0,
552826825,516000.0,,,,,1.0,3.0,,,,,28.0,
552826826,429000.0,,2.0,,,,1.0,,,,,26.0,
552826827,437000.0,,,,,,3.0,,,,,16.0,
552826828,410000.0,,2.0,2.0,,,2.0,,,,,20.0,
552826829,567000.0,,,,,,,,,,,6.0,
552826830,364500.0,,,,,,1.0,,,,,,
552826831,363000.0,,,,,,2.0,,,,,,
552826832,421000.0,,,,,,,,,,,1.0,
552826834,296000.0,,,,,,,,,,,,
552926825,447000.0,,,,,,,,,,,,
552926827,496500.0,,,,1.0,,,,,,,4.0,
552926828,447000.0,,1.0,,,,2.0,,,,,14.0,
552926829,527000.0,,2.0,2.0,3.0,,,,,,,6.0,
552926830,496000.0,,1.0,,1.0,,1.0,,,,,3.0,
552926831,440000.0,,1.0,,,,,,,,,2.0,
552926832,445000.0,1.0,,1.0,1.0,,1.0,,,,,4.0,
552926833,423000.0,,,2.0,,,,,,,,6.0,
552926834,422000.0,1.0,2.0,,,,,,,,,4.0,
552926835,456000.0,,,3.0,,,1.0,,,,,4.0,
552926836,417000.0,,,,,,1.0,,,,,6.0,
552926837,445000.0,,1.0,,,,,,,,,3.0,
552926838,372000.0,,,1.0,,,1.0,,,,,,
552926839,382000.0,,,,,,2.0,,,,,3.0,
552926840,431500.0,,1.0,1.0,,,,,,,,1.0,
552926841,432000.0,,,,1.0,,,,,,,2.0,
552926842,431000.0,,,1.0,,,,,,,,,
552926843,287000.0,,,,,,,1.0,,,1.0,,
552926844,584000.0,,,,,,,,,,,,
552926845,362000.0,,1.0,,1.0,,,,,,,,
553026841,460000.0,,,,,,,,,,,1.0,
553026842,465000.0,,,,,,,,,,,,
553026844,460500.0,,,,,,,,,,,,
553026845,336000.0,,,,,,,,,,,,
553026846,459500.0,,,,,,1.0,,,,,2.0,
553026847,266000.0,,,,,,1.0,,1.0,,,3.0,
553026848,524000.0,,2.0,2.0,,,1.0,,,,,,
553026849,415500.0,,,,,,,,,,,,
553026850,458000.0,,,,,,,,,,,,
553026851,395500.0,,,,,,,,,,,,
553026852,436000.0,,,,,,,,,,,1.0,
553026853,405000.0,,,,,,,,,,,1.0,
553026854,465000.0,,,,,,,,,,,,
553026855,412000.0,,,,,,,,,,,2.0,
553026856,474000.0,,,,,,1.0,,,,,,
553126859,592000.0,,,1.0,,,1.0,,,,,,
553126862,633000.0,,,,,,,,,,,19.0,
553126863,503000.0,,1.0,,,,1.0,,,,,34.0,2.0
553126864,954500.0,2.0,1.0,1.0,,,,,,1.0,1.0,58.0,
553126865,859500.0,,,1.0,,,,,,,,48.0,1.0
553126867,685500.0,1.0,,,,,1.0,,,1.0,,50.0,
553126868,598000.0,,1.0,,,,3.0,,,,,43.0,
553126870,618500.0,1.0,,,,,2.0,,,,,13.0,3.0
553226868,174000.0,,,,,,,,,,,,
553226870,352500.0,,,,,,,,,,,6.0,
553226871,463500.0,1.0,,,,,,,,,,35.0,
553226872,402000.0,1.0,1.0,2.0,,,1.0,,,,,64.0,2.0
553226873,670500.0,2.0,1.0,,1.0,,8.0,,,,,86.0,1.0
553226874,375000.0,,1.0,,,2.0,,,,,,28.0,
553226875,328500.0,,1.0,,1.0,,1.0,,1.0,,,18.0,1.0
553226876,574000.0,,,,,,,,,,,34.0,
553226877,742000.0,,,1.0,,1.0,,,,,,56.0,
553226878,649000.0,,1.0,,,1.0,2.0,,,,,27.0,2.0
553226879,635500.0,,1.0,,1.0,,,,,,1.0,18.0,
553226880,844500.0,,,,,1.0,,,,,,27.0,
553226881,787000.0,,1.0,,,,,,,,,28.0,3.0
553226882,682000.0,,2.0,1.0,1.0,,,,,,,33.0,
553226883,448000.0,2.0,1.0,,,,1.0,,1.0,,,40.0,
553226884,476000.0,,,,,,,,,,,18.0,
553226885,508000.0,,,,,,1.0,,,,,8.0,
553226886,425000.0,,1.0,1.0,,,,,,,,3.0,
553226887,515000.0,,1.0,,,,1.0,1.0,,,,3.0,
553226888,496000.0,,,,1.0,,1.0,,,,,7.0,
553226889,427000.0,,,,,,1.0,,,,,1.0,
553226890,437000.0,1.0,,,,,,,,,,2.0,
553226892,487000.0,,,,,,,,,,,,
553226893,407500.0,,,,,,,,,,,,
553326876,622000.0,,,,,,,,,,,,
553326877,383000.0,1.0,1.0,,2.0,,,,,,,5.0,
553326878,352000.0,,1.0,,1.0,,,,,,,12.0,
553326879,337500.0,,1.0,,,,,,,,,8.0,
553326880,351000.0,,,,,,1.0,,,,,5.0,
553326881,384000.0,,,,,,1.0,,,,,2.0,
553326882,387000.0,,1.0,,,,1.0,,,,,10.0,
553326883,430000.0,,,2.0,,,,,,,,5.0,
553326884,421000.0,2.0,1.0,,,,1.0,,,,,27.0,5.0
553326885,843000.0,,1.0,,1.0,,1.0,,,1.0,,44.0,1.0
553326886,549000.0,1.0,1.0,1.0,1.0,,,,,,1.0,30.0,
553326887,485000.0,,,2.0,,,4.0,1.0,,,,21.0,
553326888,461000.0,2.0,2.0,3.0,1.0,,2.0,,,,,40.0,
553326889,524500.0,2.0,2.0,1.0,2.0,,1.0,,2.0,1.0,,45.0,1.0
553326890,509000.0,,1.0,,,,,,1.0,,,67.0,
553326891,632500.0,,2.0,,,,3.0,,,,,63.0,
553326892,498000.0,,2.0,2.0,,,1.0,,,1.0,,64.0,7.0
553326893,569000.0,2.0,1.0,4.0,,1.0,7.0,,,,,90.0,13.0
553326894,602000.0,3.0,2.0,,1.0,,5.0,,,,,74.0,
553326895,564000.0,7.0,2.0,,,1.0,9.0,,,,,97.0,12.0
553326896,750500.0,5.0,2.0,,2.0,,4.0,,,,,83.0,14.0
553326897,761000.0,1.0,3.0,,,,,,,,,56.0,
553326898,771500.0,,,1.0,,,,,,,,36.0,4.0
553326899,656000.0,,2.0,,,,,,,,,29.0,28.0
553326900,534000.0,,2.0,,,,3.0,,,,,32.0,21.0
553326901,475000.0,2.0,,,1.0,,1.0,,,,,23.0,
553326902,499000.0,,,,1.0,,,,,,,11.0,1.0
553326903,600000.0,,1.0,,,,,,,,,2.0,
553326904,494500.0,,,,,,,,,,,3.0,
553326905,602000.0,,,,1.0,,,,,,,6.0,
553426889,580000.0,,,,1.0,,,,,,,1.0,
553426890,495000.0,1.0,,,,,,,,,,3.0,
553426891,439500.0,,,,,,1.0,,,,,4.0,
553426892,580000.0,,1.0,,,,,,,,,9.0,
553426893,409500.0,,,,1.0,1.0,3.0,,,,,11.0,
553426894,440000.0,1.0,1.0,1.0,,,,,,,,10.0,
553426895,381000.0,,4.0,1.0,,1.0,6.0,,,,,15.0,
553426896,489000.0,,2.0,,,,2.0,,,,,64.0,12.0
553426897,486000.0,3.0,1.0,3.0,,,2.0,,,,,63.0,1.0
553426898,601000.0,7.0,6.0,1.0,3.0,1.0,3.0,,,,,138.0,4.0
553426899,471000.0,,2.0,2.0,,,3.0,,,,,85.0,1.0
553426900,791000.0,,1.0,1.0,1.0,1.0,7.0,,,,,61.0,4.0
553426901,559000.0,2.0,4.0,1.0,,1.0,1.0,,1.0,,,109.0,2.0
553426902,709000.0,3.0,3.0,2.0,2.0,4.0,3.0,,,,,92.0,21.0
553426903,704000.0,4.0,4.0,1.0,1.0,3.0,5.0,,5.0,,,140.0,34.0
553426904,730000.0,5.0,2.0,1.0,1.0,1.0,2.0,,1.0,,,148.0,53.0
553426905,709000.0,,4.0,3.0,,1.0,3.0,,2.0,,,114.0,9.0
553426906,740000.0,,2.0,,,1.0,1.0,,,,,122.0,108.0
553426907,652500.0,,5.0,1.0,,,1.0,,1.0,,,72.0,18.0
553426908,739000.0,1.0,1.0,,,,4.0,,1.0,,,121.0,
553426909,671000.0,,,3.0,,,1.0,,3.0,,,66.0,2.0
553426910,715000.0,1.0,1.0,,1.0,1.0,4.0,,,,,41.0,1.0
553426911,565500.0,,1.0,2.0,,1.0,,,1.0,,,53.0,1.0
553426912,732500.0,2.0,1.0,,2.0,,3.0,,,,,86.0,1.0
553426913,765000.0,1.0,3.0,,1.0,,2.0,,,,,107.0,2.0
553426914,682000.0,1.0,3.0,,,,1.0,,,,,104.0,50.0
553426915,586500.0,,4.0,,1.0,,2.0,,,,,66.0,
553426916,686500.0,,,,,1.0,,,,,,44.0,5.0
553426917,708000.0,,1.0,,,,,,,,,21.0,3.0
553426918,712500.0,,1.0,,,,,,,,,22.0,1.0
553526902,237000.0,,,,,,,,,,,2.0,
553526903,386500.0,1.0,,1.0,,,1.0,,,,,7.0,
553526904,394000.0,,,,,,,,,,,6.0,
553526905,437000.0,,,2.0,,,,,,,,46.0,
553526906,469000.0,,,,2.0,,3.0,,,,,54.0,
553526907,496000.0,,2.0,,,,1.0,,,,,58.0,
553526908,477000.0,,2.0,3.0,1.0,1.0,1.0,,,,,30.0,
553526909,821500.0,1.0,1.0,1.0,1.0,1.0,2.0,,,,,38.0,11.0
553526910,653000.0,1.0,2.0,3.0,,1.0,3.0,,,,1.0,77.0,6.0
553526911,767000.0,,3.0,,1.0,,6.0,,,,,71.0,1.0
553526912,654500.0,,1.0,2.0,1.0,,4.0,,,,,49.0,2.0
553526913,674500.0,3.0,3.0,1.0,,,3.0,,,1.0,,71.0,1.0
553526914,710000.0,6.0,4.0,3.0,,,3.0,,2.0,,,108.0,11.0
553526915,631000.0,6.0,1.0,,,,2.0,,,,1.0,83.0,12.0
553526916,804000.0,5.0,1.0,2.0,1.0,1.0,5.0,,,,,103.0,22.0
553526917,683000.0,2.0,3.0,,,,1.0,,1.0,,,109.0,9.0
553526918,715000.0,2.0,1.0,1.0,1.0,,2.0,,,,,133.0,3.0
553526919,701000.0,7.0,4.0,4.0,,,,1.0,2.0,,,175.0,28.0
553526920,744000.0,4.0,2.0,3.0,,,3.0,,1.0,,,192.0,10.0
553526921,772000.0,3.0,,,1.0,,2.0,,2.0,,,185.0,141.0
553526922,714000.0,3.0,1.0,,,,4.0,,1.0,1.0,,181.0,3.0
553526923,760000.0,1.0,1.0,1.0,,,3.0,,,,,76.0,17.0
553526924,683000.0,1.0,1.0,2.0,,,2.0,,1.0,,,112.0,3.0
553526925,810500.0,4.0,2.0,1.0,,2.0,1.0,1.0,2.0,,,114.0,4.0
553526926,748000.0,2.0,3.0,,1.0,1.0,,,2.0,,,73.0,52.0
553526927,1004500.0,,1.0,1.0,,,4.0,,,,,34.0,6.0
553526928,798500.0,,,,,,,,1.0,1.0,,26.0,12.0
553526929,851000.0,,,1.0,,,2.0,1.0,1.0,,,19.0,12.0
553526931,502000.0,,,,,,2.0,1.0,,,,1.0,
553526932,558000.0,,1.0,,,,,,,,,,
553626914,331000.0,,,,,,1.0,,,,,2.0,
553626915,337000.0,,,,,,1.0,,,,,4.0,3.0
553626916,347000.0,2.0,,,,,1.0,,,,,3.0,
553626917,359000.0,7.0,2.0,1.0,4.0,,1.0,,,,,10.0,
553626918,348000.0,7.0,,,,,1.0,,,,,13.0,
553626919,404000.0,17.0,1.0,,,,1.0,,,,,13.0,
553626920,334000.0,19.0,2.0,,,,6.0,,,1.0,,23.0,2.0
553626921,503000.0,8.0,4.0,1.0,1.0,,5.0,,,,,60.0,
553626922,350000.0,5.0,3.0,,,,1.0,,,,,34.0,
553626923,739000.0,2.0,2.0,,1.0,,4.0,,1.0,,,80.0,3.0
553626924,653500.0,7.0,3.0,2.0,1.0,1.0,9.0,,,,,88.0,2.0
553626925,794000.0,2.0,5.0,2.0,1.0,1.0,10.0,2.0,,,,134.0,5.0
553626926,847000.0,6.0,5.0,2.0,2.0,3.0,12.0,1.0,,,,134.0,12.0
553626927,864000.0,3.0,4.0,2.0,,1.0,7.0,,,,,93.0,28.0
553626928,753500.0,2.0,2.0,,,,2.0,,,,2.0,70.0,6.0
553626929,807000.0,2.0,2.0,,,1.0,1.0,,,,,95.0,15.0
553626930,833000.0,,4.0,,,,1.0,1.0,,,,131.0,17.0
553626931,835000.0,2.0,2.0,2.0,,1.0,5.0,,1.0,,,180.0,18.0
553626932,749000.0,3.0,,,,,,,,,,133.0,16.0
553626933,746000.0,,2.0,2.0,,2.0,5.0,,3.0,,,86.0,122.0
553626934,826000.0,5.0,3.0,,,,2.0,,,,,67.0,
553626935,849000.0,,1.0,1.0,,1.0,1.0,,2.0,,,103.0,21.0
553626936,697000.0,1.0,2.0,,,1.0,1.0,,3.0,,,87.0,2.0
553626937,750000.0,,3.0,1.0,,4.0,,,5.0,,1.0,179.0,25.0
553626938,744000.0,3.0,4.0,,,1.0,2.0,,6.0,,,247.0,2.0
553626939,730000.0,,1.0,2.0,,,1.0,,2.0,,,164.0,15.0
553626940,1015000.0,,,1.0,,1.0,1.0,,1.0,,,61.0,20.0
553626941,688000.0,,2.0,2.0,,,,,1.0,,1.0,31.0,19.0
553626942,699000.0,,1.0,2.0,1.0,,,,,,,24.0,4.0
553626943,507000.0,,,,,,2.0,,,,,8.0,
553626944,594500.0,1.0,1.0,,,,,,,,,22.0,
553626945,348000.0,1.0,,1.0,,,3.0,,,,,10.0,
553626946,355000.0,,1.0,,,,1.0,,,,,1.0,
553626947,334500.0,,,,,,,,,,,,
553626949,213000.0,,,,,,,,,,,1.0,
553626950,228000.0,,1.0,,,,,,,,,,
553626951,301000.0,,,,,,,,,,,,
553626952,335000.0,,,,,,,,,,,,
553626953,284500.0,,,,,,1.0,,,,,,
553626954,307500.0,,,,,,1.0,,,,,,
553726927,448500.0,,,,,,,,,,,,
553726928,335000.0,2.0,,,,,,,,,,24.0,
553726929,374500.0,1.0,,,1.0,,,,,,,10.0,
553726930,612000.0,1.0,1.0,4.0,1.0,1.0,4.0,,,,,40.0,
553726931,510000.0,1.0,1.0,1.0,2.0,,2.0,,,,,24.0,
553726932,502000.0,,,1.0,1.0,,,,,,,19.0,
553726933,447000.0,,2.0,2.0,,,,,,,,17.0,1.0
553726934,693000.0,,,,1.0,,3.0,,1.0,,,32.0,
553726935,467000.0,,,1.0,2.0,,4.0,,,,,50.0,
553726936,654000.0,1.0,3.0,1.0,,,5.0,,,,,41.0,7.0
553726937,643000.0,,3.0,,,,2.0,,,,,40.0,4.0
553726938,829000.0,,1.0,,,1.0,,,,,1.0,71.0,3.0
553726939,709500.0,,1.0,1.0,,1.0,3.0,,,1.0,1.0,85.0,17.0
553726940,865000.0,1.0,2.0,,,4.0,3.0,,3.0,,,128.0,9.0
553726941,936000.0,,2.0,1.0,,1.0,10.0,,,,,131.0,4.0
553726942,937000.0,4.0,6.0,1.0,1.0,2.0,3.0,,4.0,,,163.0,21.0
553726943,765000.0,2.0,1.0,3.0,,1.0,,,2.0,,,168.0,4.0
553726944,829500.0,4.0,1.0,2.0,,3.0,1.0,,,,,213.0,11.0
553726945,761000.0,6.0,3.0,,,1.0,,,,,,218.0,13.0
553726946,793000.0,9.0,6.0,,1.0,,4.0,,,,,446.0,5.0
553726947,753000.0,9.0,4.0,,,1.0,3.0,,2.0,,,572.0,24.0
553726948,880000.0,4.0,1.0,1.0,1.0,5.0,,1.0,1.0,,,263.0,13.0
553726949,820000.0,11.0,,2.0,3.0,8.0,2.0,1.0,1.0,,,274.0,18.0
553726950,845000.0,6.0,6.0,1.0,,1.0,4.0,,4.0,,,150.0,48.0
553726951,671500.0,1.0,3.0,,1.0,,1.0,1.0,,,,239.0,3.0
553726952,715000.0,3.0,3.0,,,1.0,3.0,,,,,142.0,8.0
553726953,620000.0,,4.0,,,1.0,5.0,,,,1.0,114.0,16.0
553726954,647000.0,,2.0,,3.0,,5.0,,,,,62.0,11.0
553726955,500000.0,,1.0,,,,1.0,,,,,25.0,
553726956,450500.0,1.0,1.0,,,,1.0,,,,,9.0,
553726957,465000.0,,2.0,,,,1.0,,,,,8.0,2.0
553726958,296000.0,,,,,,,,,,,1.0,
553726959,550500.0,,,,,,,,,,,1.0,
553726961,544000.0,,1.0,1.0,,,,,,,,,
553726962,272000.0,,,,,,1.0,,,,,,
553726963,341500.0,,,,,,,,,,,2.0,
553726964,340000.0,,,1.0,,,1.0,,,,,3.0,
553726965,342500.0,,,,,,,,,,,2.0,
553826939,417000.0,,,,,,,,,,,,
553826940,294000.0,,1.0,,1.0,,,,,,,8.0,
553826941,437000.0,1.0,1.0,,,,2.0,,,1.0,,31.0,
553826942,485500.0,7.0,1.0,,,,,1.0,1.0,,,128.0,3.0
553826943,600000.0,28.0,3.0,1.0,,,1.0,,,,,121.0,10.0
553826944,432500.0,23.0,2.0,,,,3.0,,,,,194.0,32.0
553826945,686000.0,11.0,1.0,2.0,,1.0,3.0,1.0,,,,90.0,6.0
553826946,749000.0,15.0,3.0,,,2.0,2.0,,,1.0,,120.0,37.0
553826947,506000.0,8.0,2.0,1.0,,,1.0,,1.0,,,169.0,8.0
553826948,550500.0,4.0,5.0,2.0,2.0,1.0,2.0,,,,,241.0,34.0
553826949,603000.0,5.0,8.0,1.0,1.0,2.0,2.0,,,,,254.0,37.0
553826950,630000.0,4.0,6.0,,2.0,1.0,8.0,,1.0,1.0,1.0,284.0,16.0
553826951,788500.0,11.0,10.0,,4.0,4.0,6.0,,6.0,1.0,,392.0,24.0
553826952,826500.0,21.0,5.0,,1.0,3.0,1.0,,,,,461.0,43.0
553826953,744000.0,20.0,7.0,,4.0,2.0,2.0,,5.0,,,565.0,5.0
553826954,850000.0,15.0,9.0,,,1.0,1.0,,1.0,,,316.0,35.0
553826955,705500.0,1.0,4.0,,2.0,,3.0,,3.0,2.0,,267.0,23.0
553826956,719000.0,2.0,1.0,1.0,2.0,2.0,2.0,,3.0,,1.0,245.0,15.0
553826957,655000.0,3.0,2.0,1.0,,,5.0,,2.0,1.0,,181.0,13.0
553826958,677000.0,3.0,2.0,,1.0,,3.0,,,2.0,,104.0,16.0
553826959,724500.0,1.0,4.0,3.0,1.0,1.0,5.0,,1.0,,,203.0,13.0
553826960,670000.0,,2.0,,,,5.0,,1.0,,,82.0,4.0
553826961,724000.0,2.0,4.0,,2.0,,3.0,,1.0,,,54.0,5.0
553826962,685000.0,,1.0,,1.0,,2.0,,1.0,,,30.0,2.0
553826963,648000.0,,2.0,2.0,,,1.0,,,,,36.0,13.0
553826964,627000.0,4.0,3.0,,1.0,,3.0,,,,,43.0,6.0
553826965,593000.0,17.0,3.0,1.0,,1.0,5.0,,,,,51.0,6.0
553826966,564000.0,19.0,2.0,1.0,2.0,,1.0,,,,,45.0,
553826967,647000.0,17.0,,1.0,,,3.0,,,,,18.0,
553826968,610000.0,,,,,,1.0,,,1.0,,7.0,2.0
553826969,661000.0,1.0,1.0,,,1.0,1.0,,,,,3.0,
553826970,474000.0,,2.0,,,,2.0,,,,,,
553826973,481000.0,,,,,,1.0,,,,,8.0,
553826974,405000.0,,,,,,,,,,,1.0,1.0
553826975,320000.0,,,,,,,,,,,2.0,
553926948,459000.0,,,,,,,,,,,,
553926952,482000.0,1.0,1.0,1.0,1.0,,,,1.0,,,6.0,
553926953,512000.0,1.0,1.0,,1.0,,,,,,,13.0,
553926954,437500.0,,,,,,1.0,,,,,20.0,7.0
553926955,783000.0,,,,2.0,,1.0,,,,,27.0,
553926956,853000.0,,,,2.0,,1.0,,,,,63.0,12.0
553926957,543000.0,,,,,,1.0,1.0,,1.0,,133.0,3.0
553926958,623000.0,1.0,1.0,,,,2.0,1.0,,,,33.0,
553926959,666000.0,1.0,2.0,,2.0,,,,1.0,1.0,,58.0,2.0
553926960,622000.0,6.0,,,3.0,,1.0,,1.0,,,245.0,11.0
553926961,650000.0,10.0,4.0,,2.0,,1.0,,1.0,,,180.0,14.0
553926962,675500.0,15.0,6.0,,4.0,1.0,3.0,,2.0,,,251.0,17.0
553926963,801000.0,8.0,6.0,3.0,2.0,1.0,3.0,,1.0,,,229.0,26.0
553926964,598500.0,2.0,8.0,1.0,,1.0,4.0,,2.0,,,240.0,22.0
553926965,690000.0,2.0,2.0,1.0,1.0,1.0,1.0,,,,1.0,240.0,16.0
553926966,761000.0,1.0,3.0,2.0,,1.0,6.0,,1.0,,,154.0,17.0
553926967,734500.0,,6.0,1.0,,,2.0,,1.0,1.0,,160.0,26.0
553926968,678000.0,6.0,5.0,3.0,,,1.0,,2.0,,,195.0,27.0
553926969,656000.0,20.0,1.0,1.0,,1.0,5.0,,,,,116.0,15.0
553926970,566000.0,15.0,1.0,2.0,2.0,1.0,6.0,,,,1.0,96.0,18.0
553926971,618000.0,1.0,1.0,1.0,,,1.0,,1.0,,,64.0,22.0
553926972,622000.0,1.0,2.0,,,1.0,3.0,,,,,97.0,4.0
553926973,547500.0,,6.0,,5.0,,5.0,,,,,119.0,7.0
553926974,548000.0,1.0,3.0,1.0,2.0,,,,,,,70.0,26.0
553926975,712500.0,3.0,4.0,,,,2.0,,,,,189.0,9.0
553926976,658000.0,2.0,,1.0,1.0,,1.0,,,,,92.0,23.0
553926977,531500.0,2.0,1.0,,,,1.0,,,,,32.0,1.0
553926978,390000.0,1.0,1.0,,1.0,,2.0,,,,,17.0,1.0
553926979,792000.0,,1.0,,,,,,,,1.0,13.0,
553926980,479000.0,,,,,,,,,1.0,,7.0,
553926981,570000.0,,,,,,,,,,,1.0,3.0
553926982,450000.0,,,,,,1.0,,,,,,
553926985,385000.0,,,,1.0,,,,,,,,
554026963,652000.0,1.0,1.0,,,,,,,,,,
554026964,557500.0,4.0,1.0,,,1.0,1.0,,,,,23.0,1.0
554026965,505000.0,1.0,2.0,1.0,4.0,,3.0,,,,,63.0,1.0
554026966,550000.0,7.0,1.0,,2.0,,1.0,,2.0,,,108.0,
554026967,565000.0,4.0,5.0,,1.0,1.0,7.0,,2.0,,,167.0,9.0
554026968,600500.0,4.0,3.0,,1.0,4.0,7.0,1.0,,,,250.0,21.0
554026969,650500.0,4.0,6.0,,1.0,1.0,,,1.0,1.0,,181.0,28.0
554026970,629000.0,5.0,3.0,,,1.0,4.0,,,,,192.0,25.0
554026971,673000.0,9.0,7.0,1.0,,2.0,3.0,,1.0,,,206.0,46.0
554026972,603500.0,11.0,1.0,1.0,3.0,1.0,1.0,,1.0,,,232.0,24.0
554026973,642000.0,7.0,5.0,,3.0,2.0,2.0,1.0,,,,320.0,43.0
554026974,700000.0,5.0,8.0,1.0,1.0,2.0,4.0,,1.0,,1.0,333.0,33.0
554026975,597000.0,2.0,5.0,,1.0,2.0,2.0,2.0,,,,290.0,31.0
554026976,664000.0,5.0,4.0,3.0,1.0,,1.0,,1.0,,,211.0,5.0
554026977,672500.0,2.0,5.0,2.0,1.0,,1.0,,,,,161.0,15.0
554026978,635000.0,1.0,3.0,,,,2.0,,,,,113.0,15.0
554026979,618000.0,,2.0,1.0,,,3.0,,,,,104.0,24.0
554026980,655000.0,,1.0,,,2.0,1.0,,,,,42.0,3.0
554026981,628500.0,1.0,2.0,1.0,,,2.0,,1.0,,,31.0,72.0
554026982,607500.0,1.0,1.0,,,,1.0,,1.0,,,9.0,
554026983,630500.0,1.0,1.0,,1.0,,2.0,,,,,7.0,9.0
554026984,442000.0,,2.0,3.0,,,1.0,,,,,4.0,
554026985,391000.0,,,2.0,1.0,,1.0,,,,,28.0,
554026986,416000.0,,2.0,,,,1.0,,,,,34.0,
554026987,442500.0,1.0,2.0,2.0,1.0,,3.0,,,,,35.0,13.0
554026988,475500.0,,,,,,4.0,,,,,27.0,7.0
554026989,456000.0,1.0,,,1.0,,3.0,,,,,22.0,1.0
554026990,461000.0,,,1.0,,,2.0,,,,,18.0,2.0
554026991,455000.0,,3.0,,3.0,,2.0,,,,,25.0,1.0
554026992,439000.0,1.0,,1.0,,1.0,3.0,,,,,10.0,
554026993,576000.0,1.0,,1.0,,,,,,,,20.0,8.0
554026994,536000.0,,1.0,,2.0,,,,,,,37.0,
554026995,393000.0,,,,,,,,,,,11.0,
554126973,519000.0,,1.0,,,,,,,,,21.0,1.0
554126974,464000.0,1.0,,,,1.0,2.0,,,,,32.0,
554126975,516000.0,2.0,1.0,1.0,1.0,,1.0,,,,,61.0,1.0
554126976,610000.0,2.0,6.0,1.0,,3.0,7.0,,,,,114.0,17.0
554126977,726000.0,,4.0,,1.0,,3.0,,1.0,,,112.0,9.0
554126978,800500.0,3.0,5.0,2.0,,1.0,3.0,,1.0,,,105.0,
554126979,513500.0,2.0,8.0,,2.0,2.0,1.0,,1.0,,1.0,163.0,6.0
554126980,472500.0,5.0,5.0,2.0,1.0,,1.0,,1.0,,,163.0,18.0
554126981,539000.0,3.0,5.0,,1.0,1.0,6.0,,,,,175.0,7.0
554126982,497000.0,1.0,4.0,,1.0,1.0,5.0,,,1.0,,152.0,15.0
554126983,640000.0,4.0,6.0,1.0,1.0,2.0,1.0,,,,,137.0,35.0
554126984,598000.0,1.0,6.0,2.0,1.0,,4.0,,1.0,,,120.0,34.0
554126985,622000.0,,2.0,,1.0,1.0,4.0,,1.0,,,134.0,20.0
554126986,615500.0,,4.0,1.0,,3.0,1.0,,,,,168.0,65.0
554126987,624000.0,4.0,3.0,,,,6.0,,1.0,,,196.0,6.0
554126988,642000.0,8.0,2.0,,,1.0,5.0,,,,,167.0,51.0
554126989,602000.0,1.0,9.0,1.0,,,3.0,,,,,116.0,8.0
554126990,637000.0,4.0,2.0,,,,,,,,,49.0,3.0
554126991,604000.0,1.0,3.0,1.0,,1.0,1.0,,,,,51.0,1.0
554126992,655000.0,1.0,1.0,,1.0,,,,,,,27.0,12.0
554126993,593000.0,2.0,1.0,1.0,,1.0,1.0,,,,,24.0,8.0
554126994,555000.0,,4.0,,,,2.0,,,,,13.0,19.0
554126995,601000.0,,1.0,1.0,,,3.0,,,,,30.0,2.0
554126996,572000.0,1.0,,,1.0,,1.0,,,,,17.0,5.0
554126997,697500.0,,1.0,,,,2.0,,,,,11.0,29.0
554126998,424000.0,,,2.0,1.0,,1.0,,,,,4.0,23.0
554126999,523000.0,,,,,,2.0,,,,,11.0,35.0
554127001,604500.0,,2.0,,1.0,,,,,,,3.0,64.0
554127002,645500.0,,1.0,,1.0,,,,,,,7.0,17.0
554127003,512000.0,,1.0,,,,,,,,,1.0,
554127004,585500.0,1.0,,,,,1.0,,,,,23.0,
554226981,421000.0,,,,,,,,,,,,
554226982,528000.0,,,,,,,,,,,21.0,
554226983,645000.0,1.0,,1.0,1.0,,,,,,,13.0,
554226984,596000.0,2.0,3.0,3.0,,,2.0,,,,,31.0,8.0
554226985,483000.0,2.0,1.0,,1.0,1.0,1.0,,,,,40.0,5.0
554226986,639000.0,2.0,1.0,2.0,,1.0,4.0,,,,1.0,81.0,14.0
554226987,596000.0,1.0,3.0,,2.0,,6.0,,,,,118.0,19.0
554226988,719000.0,,8.0,1.0,1.0,1.0,9.0,,,,,171.0,14.0
554226989,575000.0,1.0,2.0,3.0,1.0,1.0,3.0,,,,,166.0,30.0
554226990,624500.0,4.0,6.0,5.0,1.0,2.0,2.0,,,,1.0,182.0,38.0
554226991,556000.0,2.0,1.0,1.0,,,5.0,,1.0,,,129.0,26.0
554226992,636000.0,5.0,1.0,,,,6.0,,,,,102.0,24.0
554226993,670500.0,3.0,2.0,,,2.0,3.0,,,,,115.0,31.0
554226994,681000.0,,2.0,,1.0,,1.0,,,1.0,,71.0,
554226995,669000.0,,3.0,2.0,,2.0,5.0,,,1.0,,56.0,
554226996,617000.0,,,1.0,,,1.0,,,,,44.0,3.0
554226997,539500.0,,1.0,2.0,2.0,,,1.0,,,,23.0,1.0
554226998,616500.0,,,,,,,,,,,24.0,2.0
554226999,552000.0,,,2.0,,,,,,,,30.0,3.0
554227000,533500.0,,,,,,,,,,1.0,16.0,18.0
554227001,550000.0,,1.0,,,,,,,,,35.0,8.0
554227002,506500.0,,1.0,,,,,,,,,3.0,6.0
554227003,644000.0,,,,,,2.0,,,,,10.0,11.0
554227004,459000.0,,1.0,,,,,,,,,7.0,8.0
554227005,804000.0,,,,,,1.0,,,,,3.0,11.0
554227006,528000.0,,2.0,,,,2.0,,,,,3.0,10.0
554227007,582000.0,,1.0,,,,,,,,,1.0,
554227008,497000.0,,,,,,,,,,,,
554227009,606000.0,,,,,,,,,,,,
554227010,575500.0,,,,,,,,,,,,
554326990,463000.0,,,,,,,,,,,9.0,
554326991,451500.0,1.0,,,,,,,,,,22.0,
554326992,520000.0,,,1.0,2.0,,1.0,,,,,18.0,4.0
554326993,476000.0,6.0,4.0,1.0,,,2.0,,,,,50.0,
554326994,579500.0,2.0,3.0,1.0,1.0,,2.0,,3.0,,,90.0,11.0
554326995,547500.0,2.0,1.0,,2.0,,3.0,,2.0,,,62.0,5.0
554326996,717000.0,3.0,3.0,1.0,,,2.0,,7.0,,,74.0,9.0
554326997,527000.0,4.0,5.0,2.0,2.0,,3.0,,,,,52.0,12.0
554326998,520000.0,,6.0,,,,2.0,,,,,72.0,
554326999,481000.0,1.0,5.0,,1.0,1.0,3.0,,,,,99.0,3.0
554327000,555000.0,,2.0,,1.0,,2.0,,,,,30.0,
554327001,548500.0,,,,2.0,,1.0,,,,,7.0,
554327002,523500.0,,,,,,1.0,,,,,5.0,
554327003,493000.0,,,,,,2.0,,,,,1.0,
554327004,502500.0,,,,,,,,,,,1.0,8.0
554327005,567500.0,,,,,,,,,,,9.0,
554327007,471500.0,,,,,,,,,,,3.0,7.0
554327008,412000.0,,,,,1.0,1.0,,,,,3.0,6.0
554327009,479000.0,,,,1.0,,1.0,,,,,2.0,17.0
554327010,412000.0,,1.0,,,,,,,,,3.0,2.0
554327011,487000.0,1.0,,,,1.0,2.0,,,,,2.0,4.0
554327012,433000.0,,,,,,3.0,,,,,6.0,3.0
554327013,501000.0,,2.0,,1.0,,2.0,,,,1.0,13.0,14.0
554327014,479000.0,2.0,1.0,1.0,1.0,,1.0,,,,,29.0,
554327015,555000.0,,1.0,2.0,,,,,,,,11.0,286.0
554327016,533000.0,,2.0,1.0,,,1.0,,,,,9.0,
554327017,517000.0,,,,1.0,,1.0,,,,,,
554327018,498000.0,,1.0,1.0,,,1.0,,,,,6.0,
554327019,519000.0,,,1.0,1.0,,2.0,,,,,15.0,
554327020,427500.0,2.0,2.0,,,,2.0,,,,,41.0,
554327021,381000.0,1.0,2.0,1.0,1.0,,1.0,,,,,14.0,
554327022,363000.0,,,,1.0,,1.0,,,,,3.0,
554426998,500500.0,,1.0,,,,,,,,,1.0,
554426999,507500.0,,,,1.0,,,,,,,5.0,
554427000,402500.0,1.0,,1.0,,,,,,,,6.0,
554427001,533000.0,,,,,,,,1.0,,,17.0,3.0
554427002,526000.0,,2.0,,1.0,,5.0,,,,,75.0,2.0
554427003,524000.0,,1.0,,1.0,,2.0,,,2.0,,51.0,
554427004,550000.0,,2.0,,,,3.0,2.0,,,,38.0,
554427005,442000.0,,1.0,,,,1.0,,,1.0,,20.0,
554427006,568500.0,1.0,,2.0,,,,,,,,13.0,
554427007,977000.0,,,,,,1.0,,,,,4.0,
554427014,393000.0,,1.0,,,,,,,,,7.0,18.0
554427015,597000.0,,2.0,,,,1.0,,,,,4.0,9.0
554427016,524000.0,,,1.0,,,,,,,,10.0,5.0
554427017,591500.0,,,,,,1.0,,,,,19.0,25.0
554427018,552000.0,1.0,1.0,,,,,,,,,15.0,26.0
554427019,581000.0,,2.0,,,,,,,,,9.0,13.0
554427020,541000.0,,,,,1.0,,,,,,8.0,19.0
554427021,405000.0,,,,1.0,,1.0,,,,,23.0,1.0
554427022,540500.0,2.0,1.0,,,,,,,,,52.0,
554427023,463500.0,3.0,2.0,1.0,,,1.0,,,,,33.0,
554427024,509000.0,2.0,,2.0,2.0,,2.0,,,,,35.0,
554427025,474500.0,,3.0,,,,1.0,,,,1.0,23.0,
554427026,528000.0,,2.0,,,,,,,,,27.0,
554427027,436000.0,,,1.0,,,1.0,,,,,,
554427028,410000.0,,,,,,,,,,,1.0,
554427029,337000.0,,1.0,,,,1.0,,,,,2.0,
554427030,393500.0,,,,,,,,,,,,
554527006,320000.0,,,,,,,,,,,4.0,
554527007,426000.0,,,1.0,1.0,,1.0,,,,,2.0,
554527008,480000.0,,1.0,,1.0,,,,,,,17.0,
554527009,581000.0,,,1.0,1.0,,,,,,,2.0,
554527010,432000.0,,,,1.0,,2.0,,,,,2.0,
554527011,404000.0,,,2.0,,,,,,,,2.0,
554527014,533000.0,,,,,,2.0,,,,,4.0,
554527018,341000.0,,,,,,,,,,,,
554527019,700000.0,,,2.0,,,,,,1.0,,,
554527020,803000.0,,1.0,,,,,,,,,14.0,7.0
554527021,743500.0,,1.0,,,,,,,,,15.0,62.0
554527022,515000.0,,1.0,,,,,,,,,9.0,35.0
554527023,463000.0,,,1.0,,,,,,,,40.0,60.0
554527024,485000.0,,3.0,,,,1.0,,,,,47.0,84.0
554527025,510000.0,1.0,1.0,,1.0,,2.0,,,,,87.0,15.0
554527026,554000.0,,2.0,,,2.0,,,,,,51.0,6.0
554527027,572000.0,,1.0,,,,2.0,,,,,32.0,
554527028,512000.0,,,2.0,,,,,,,,11.0,
554527029,467500.0,,2.0,3.0,,,,,,,,4.0,
554527030,504000.0,,2.0,,,,1.0,,,,,13.0,3.0
554527031,300500.0,,,1.0,,1.0,,,,,,3.0,
554527032,418000.0,,,,,,,,,,,1.0,
554527033,322500.0,,,,,,,,,,,,
554527034,395500.0,,1.0,,,,,,,,,,
554527035,367000.0,,,,1.0,,,,,,,,
554627014,376000.0,1.0,,1.0,,,,,,,,,
554627015,400000.0,,,,1.0,,,,,,,3.0,
554627016,439000.0,,1.0,,1.0,,1.0,,,,,11.0,
554627017,380000.0,,,,1.0,,,,,,,7.0,
554627018,480000.0,2.0,,1.0,,,4.0,,,,,15.0,
554627019,438000.0,1.0,1.0,,,,2.0,,,,,27.0,1.0
554627020,583000.0,1.0,1.0,,,,1.0,,,,,22.0,
554627021,492500.0,,,2.0,,,,,,,,31.0,73.0
554627022,796000.0,,1.0,1.0,,,1.0,,,,,18.0,
554627023,533500.0,1.0,,,,,,,,,,23.0,
554627024,688500.0,,2.0,1.0,,,,,,,,38.0,2.0
554627025,604000.0,,3.0,,,1.0,,,,,1.0,48.0,12.0
554627026,763000.0,1.0,2.0,2.0,,1.0,,,,,,95.0,67.0
554627027,586000.0,1.0,2.0,,,1.0,,,,1.0,,67.0,31.0
554627028,701500.0,,5.0,1.0,,,2.0,,,,,71.0,148.0
554627029,542000.0,,3.0,3.0,,2.0,,,,,,148.0,104.0
554627030,614000.0,1.0,3.0,1.0,,2.0,2.0,,,,,103.0,81.0
554627031,495000.0,2.0,3.0,1.0,2.0,1.0,6.0,,,,1.0,214.0,11.0
554627032,483000.0,1.0,2.0,1.0,2.0,,1.0,,,,,98.0,
554627033,470500.0,,1.0,,,,4.0,,,,,60.0,
554627034,580500.0,2.0,2.0,6.0,1.0,,2.0,,,,,41.0,1.0
554627035,649500.0,2.0,2.0,,,2.0,3.0,,,1.0,,18.0,
554627036,596000.0,3.0,1.0,,,2.0,1.0,,,,,20.0,
554627037,652000.0,3.0,,,,,,,,,,12.0,
554627038,447000.0,,,,,,,,,,,1.0,
554727019,302500.0,,,1.0,,,1.0,,,,,3.0,
554727020,391000.0,,1.0,,1.0,,1.0,,,,,13.0,
554727021,405000.0,2.0,1.0,,,1.0,2.0,,,,,22.0,
554727022,430000.0,1.0,4.0,,1.0,1.0,2.0,,,,,29.0,1.0
554727023,395500.0,1.0,1.0,,,,3.0,,,,,27.0,
554727024,411500.0,,2.0,,,,2.0,,,,,32.0,
554727025,382000.0,,,2.0,,,,,1.0,,,30.0,2.0
554727026,471000.0,,1.0,,,,,,,,,13.0,5.0
554727027,695500.0,,3.0,4.0,,,1.0,,,,,78.0,
554727028,629000.0,1.0,2.0,,,,,,,,,55.0,1.0
554727029,774000.0,,2.0,,,,,,,,1.0,32.0,
554727030,702000.0,,,,,,,,,1.0,,102.0,2.0
554727031,652000.0,,1.0,,,,1.0,,,,1.0,27.0,5.0
554727032,526500.0,1.0,4.0,,2.0,,4.0,,,,,60.0,3.0
554727033,495000.0,,3.0,1.0,1.0,,1.0,,,,,56.0,1.0
554727034,531000.0,,,3.0,,,4.0,,,,,32.0,5.0
554727035,520000.0,,,,,,2.0,,,,,16.0,13.0
554727036,486500.0,,2.0,2.0,,,2.0,,,,,31.0,
554727037,477000.0,,1.0,,,,,,,,,24.0,11.0
554727038,579000.0,5.0,,,,,,,,,,34.0,1.0
554727039,750000.0,,1.0,,,,1.0,,,,,24.0,
554727040,530000.0,,4.0,1.0,1.0,,1.0,,,1.0,,33.0,
554727041,514000.0,,3.0,,1.0,1.0,2.0,,1.0,,1.0,25.0,
554727042,460000.0,,,,2.0,,1.0,,,,,7.0,
554727043,541000.0,,,,,,,,,,,2.0,
554727044,574500.0,,,,,,1.0,,,,,,
554727045,469000.0,,,,,,,,,,,,
554827024,326000.0,,1.0,,1.0,,,,,,,4.0,
554827025,317000.0,,2.0,,1.0,,1.0,,,,,15.0,
554827026,484000.0,,1.0,2.0,,,2.0,,,,1.0,26.0,
554827027,408000.0,,1.0,,3.0,,,,,,,26.0,
554827028,421000.0,1.0,2.0,,1.0,,3.0,,,,,88.0,
554827029,489500.0,5.0,2.0,1.0,2.0,1.0,5.0,,,,,151.0,
554827030,439000.0,18.0,2.0,,2.0,,2.0,,,,,172.0,
554827031,477000.0,7.0,3.0,,,1.0,,,,,,126.0,
554827032,698000.0,2.0,1.0,,,,,,,,,16.0,
554827033,580000.0,,1.0,,,,1.0,,,,,21.0,
554827036,508500.0,,,,,,2.0,,,,,,
554827037,417000.0,,,,,,,,,,,2.0,
554827038,464000.0,,,,,,,,,,,,
554827039,461000.0,,,,,,1.0,,,,,,
554827040,493000.0,,1.0,,,,,,,,,140.0,6.0
554827042,406000.0,,,,,,,,,,,1.0,
554827043,507000.0,,1.0,,,,,,,,,4.0,
554827044,428000.0,,,,,,1.0,,,,,,
554827045,426000.0,,,,1.0,,,,,,,1.0,
554827046,526500.0,,2.0,1.0,,,1.0,,,,,,
554827047,370000.0,,,,,,,,,,,,
554827048,405500.0,,,,,,,,,,,,
554927028,455000.0,,,,,,1.0,,,,,,
554927029,328000.0,,1.0,,,,,,,,,8.0,
554927030,389000.0,1.0,,,3.0,,5.0,,,,,3.0,
554927031,376500.0,,,2.0,,,,,,,,1.0,
554927032,600000.0,,,,,,1.0,,,,,2.0,1.0
554927033,519000.0,,,,,,,,,,,8.0,
554927034,569000.0,1.0,1.0,1.0,,,,,1.0,,,30.0,
554927035,819000.0,,1.0,3.0,,,2.0,,,,,44.0,1.0
554927036,935000.0,4.0,2.0,1.0,,,2.0,,,,,118.0,
554927037,548000.0,5.0,2.0,,,,1.0,,,,,89.0,10.0
554927038,635000.0,1.0,,1.0,,1.0,,,,,,32.0,
554927041,233000.0,,,1.0,,,,,,,,4.0,1.0
554927042,1037000.0,,,,,,,,,,,,
555027037,618500.0,,,,,1.0,,,,1.0,,4.0,1.0
555027038,514000.0,3.0,2.0,,1.0,,,,,,,43.0,
555027039,527000.0,,,,,,2.0,,,,,18.0,
555027040,522000.0,,2.0,1.0,,,1.0,,,,,13.0,
555027041,583000.0,1.0,,3.0,,,3.0,,,,,16.0,
555027042,760000.0,,,,,,1.0,,,1.0,,4.0,
555027043,465000.0,,,,,,,,,,,18.0,1.0
555027044,618000.0,,,,,,1.0,,,,,2.0,
555027045,420000.0,,,,,,,,,,1.0,,
555027046,474000.0,,,,,,,,,,,4.0,
555027047,842000.0,,,,,,,,,,,2.0,
555127036,268000.0,,,1.0,,,,,,,,,
555127041,1004000.0,,1.0,,,,,,,,,,
555127042,569000.0,,1.0,,,,,,1.0,,,15.0,
555127043,607000.0,1.0,2.0,1.0,1.0,,6.0,1.0,,,,86.0,1.0
555127044,539000.0,3.0,2.0,,1.0,,5.0,,,,,86.0,
555127045,612000.0,,1.0,,,,2.0,,,,,99.0,1.0
555127046,639000.0,,,1.0,,1.0,,,1.0,,,7.0,
555127047,573000.0,,,1.0,,1.0,1.0,,,,,2.0,
555227037,146000.0,,,1.0,,,1.0,,,,,2.0,
555227038,103000.0,,,,,,,,,,,,
555227041,208000.0,,,,,,,,,,,,
555227044,706500.0,,1.0,1.0,,,,,,,,7.0,
555227045,498500.0,1.0,,,,,2.0,,,,,6.0,1.0
555227046,539500.0,,2.0,1.0,,,3.0,,,,,25.0,5.0
555227047,638000.0,2.0,4.0,1.0,,,5.0,1.0,,,,53.0,
555227048,554500.0,1.0,2.0,,,,4.0,,,,,79.0,
555227049,564000.0,2.0,3.0,,1.0,,10.0,,1.0,,,50.0,
555227050,580000.0,,,,,,,,,,,29.0,
555227051,420000.0,,1.0,,,,1.0,,,,,5.0,
555227052,413000.0,,,,,,,,,,,,
555227054,514500.0,,,,,,,,,,,,
555227055,319000.0,,,1.0,,,,,,,,,
555227056,374000.0,,,,,,1.0,,,,,1.0,
555227057,392000.0,,,,,,,,,,,,
555327046,455000.0,,,,,,3.0,,,,,8.0,
555327047,644000.0,,4.0,,1.0,,4.0,,,,,29.0,1.0
555327048,537000.0,1.0,4.0,,1.0,2.0,6.0,,,,,39.0,7.0
555327049,605000.0,1.0,1.0,1.0,,,2.0,,,,,25.0,
555327050,559000.0,3.0,1.0,4.0,,,3.0,,,,,44.0,
555327051,548500.0,3.0,1.0,3.0,,,5.0,,,,,154.0,1.0
555327052,479500.0,,3.0,1.0,,,5.0,,,1.0,,49.0,
555327053,495000.0,1.0,1.0,,,,1.0,,,,,17.0,
555327054,478500.0,,,,,,,,,,,3.0,
555327057,788000.0,,,,,,,,,,,1.0,
555327058,614000.0,,,,,,,,,,,5.0,
555427040,280000.0,,,,,,1.0,,,,,8.0,
555427041,338000.0,,,,,,,,,1.0,,,
555427047,606000.0,,,,,,,,,,,3.0,
555427048,475000.0,,1.0,,1.0,1.0,6.0,,,,,32.0,
555427049,580000.0,,2.0,2.0,1.0,,7.0,1.0,,,,37.0,19.0
555427050,480000.0,2.0,6.0,,,,1.0,,,,,118.0,
555427051,522000.0,,4.0,1.0,,,2.0,,,,,120.0,
555427052,651000.0,3.0,2.0,1.0,,1.0,1.0,,,,,53.0,
555427053,574000.0,2.0,2.0,,,,2.0,,1.0,,,104.0,
555427054,591000.0,3.0,2.0,,1.0,,3.0,,1.0,,2.0,164.0,
555427055,627500.0,,3.0,3.0,,,,,2.0,,,102.0,
555427056,401000.0,,,2.0,,,,,,,,10.0,
555427057,890000.0,,,,,,,,,,,1.0,
555427059,776000.0,,1.0,,,,,,,,,,
555527040,322500.0,,1.0,,1.0,,,,,,,6.0,
555527041,355000.0,1.0,1.0,1.0,,1.0,2.0,,,,,29.0,
555527042,354000.0,1.0,1.0,,,,1.0,,,,,9.0,
555527043,374000.0,,1.0,,,,,,,,,,
555527048,325500.0,,,,,,1.0,,,,,4.0,6.0
555527049,493000.0,,,1.0,1.0,,1.0,,,,,14.0,12.0
555527050,456000.0,,,1.0,1.0,,4.0,1.0,,,,8.0,
555527051,495000.0,,1.0,1.0,,,2.0,,,,,14.0,
555527054,547000.0,,2.0,1.0,,,3.0,,,,,95.0,
555527055,585000.0,3.0,3.0,,,1.0,1.0,,,,,72.0,
555527056,456000.0,,,,,1.0,2.0,,,,,23.0,
555527057,467000.0,,,,,,,,,,,,
555527058,929000.0,,,,,,,,,,,2.0,
555527059,347500.0,,,,,,,,,,,,
555527060,387000.0,,,1.0,,,,,,,,4.0,
555527061,506500.0,,,,,,,,,,,,
555527063,365500.0,,,,,,,,,,,1.0,
555627042,497000.0,,,1.0,,,,,,,,6.0,
555627043,421000.0,,2.0,,,,,,,,,12.0,15.0
555627049,379000.0,,,,,,,,,,,8.0,21.0
555627050,471000.0,,3.0,,2.0,,7.0,,,,,24.0,
555627051,641500.0,,2.0,1.0,,,,,,,,3.0,
555627052,409000.0,,,1.0,,,,,,,,,
555627053,452500.0,,,1.0,,,,,,,,,
555627054,537500.0,,,,,,,,,,,,
555627055,562000.0,,,,1.0,,,,,,,2.0,
555627056,542000.0,,2.0,1.0,,,1.0,,,,,9.0,
555627057,518000.0,,3.0,,1.0,,,,,,,17.0,
555627058,270000.0,,,,,,,,,,,,
555627062,713000.0,,,,,,,,,,,,
555627063,200000.0,,,,,,,,,,,,
555627064,402000.0,,,,,,,,,,,,
555727043,309000.0,,1.0,1.0,1.0,,1.0,,,,,22.0,
555727044,305000.0,,1.0,,1.0,,2.0,,,,,2.0,
555727045,438000.0,,,,,,,,,,,,
555727049,487000.0,,,,,,1.0,,,,,6.0,
555727050,497500.0,,4.0,,,,4.0,,,,,73.0,1.0
555727051,442000.0,1.0,,,1.0,,4.0,,,,,50.0,
555727052,357000.0,,1.0,,,,,,,,,1.0,2.0
555727053,560000.0,,,,,,1.0,,,,,,
555727054,780000.0,,,,,,,,,,,,
555727056,368000.0,,2.0,,,,,,,,,6.0,
555727057,384000.0,,,,,,,,,,,1.0,
555727058,558000.0,,,,,,,,,,,,
555827045,457000.0,,,1.0,1.0,,2.0,,,,,1.0,
555827046,311000.0,,,,,,1.0,,,,,,
555827049,181000.0,,1.0,,,,,,,,,16.0,
555827050,457500.0,1.0,,4.0,,,2.0,,,,,60.0,
555827051,429000.0,7.0,5.0,3.0,2.0,,2.0,,,,,107.0,
555827052,362500.0,,,,,,,,,,,12.0,
555827053,269000.0,,,,,,2.0,,,,,12.0,
555827057,406500.0,,,,,,2.0,,,,,10.0,1.0
555827060,420000.0,,1.0,,,,,,,,,20.0,
555827061,551000.0,,,,,,1.0,,,,,,
555927046,415000.0,,1.0,1.0,,,1.0,,,,,4.0,
555927047,348000.0,,1.0,1.0,,,4.0,,,,,13.0,
555927048,386000.0,,1.0,1.0,1.0,,3.0,,,,,11.0,
555927049,342000.0,1.0,2.0,1.0,1.0,,,,,,,32.0,
555927050,391000.0,2.0,2.0,,1.0,,2.0,,,,,40.0,
555927051,343000.0,,2.0,3.0,,,2.0,,,,,28.0,
555927052,514000.0,2.0,,1.0,,,,,,,,8.0,
555927053,365000.0,,,,,,,,,,,13.0,
555927059,397000.0,,2.0,1.0,,,1.0,,,,,41.0,
555927060,875000.0,,1.0,,,,,,,,,23.0,
555927061,437000.0,,,1.0,,,,,,,,,
556027046,285500.0,,,,,,1.0,,,,,,
556027047,333500.0,,1.0,1.0,2.0,,1.0,,,,,14.0,
556027048,341000.0,1.0,,,1.0,,2.0,,,,,,
556027049,401000.0,1.0,1.0,1.0,,,1.0,,,,,14.0,
556027050,372000.0,1.0,,,,,2.0,,,,,,
556027052,136000.0,,,,,,1.0,,,,,,
556027057,479000.0,,,,,,,,,,,,
556027059,250000.0,,,,,,,,,,,,
556027060,2196000.0,,,,,,,,,,,1.0,
556027061,385000.0,,,,,,,,,,,1.0,
556127046,282000.0,,,,1.0,,3.0,,,,,,
556127047,503000.0,,,,,,,,,,,,
556127048,864500.0,,,,,,,,,,,1.0,
556127054,438500.0,,,1.0,,,,,,,,3.0,
556127057,234500.0,,,,,,,,,,,3.0,
556127058,232000.0,,,,,,,,,,,,
556127059,474000.0,,,,,,,,,,,,
556227055,353000.0,,,,,,,,,,,,
556327034,436500.0,,,,,,,,,,,,
556327049,441000.0,,,,,,,,,,,2.0,
556427040,145000.0,,,,,,,,,,,,
556627020,963000.0,,,,,,,,,,,,
556627021,176000.0,,,,,,,,,,,,
556627022,352000.0,,,,,,,,,,,,
553126858,,1.0,,,,,,,,,,4.0,
553126869,,3.0,,,,,,,,,,35.0,
553726924,,2.0,,,,,,,,,,,
552426753,,,1.0,1.0,,,,,,,,5.0,
552526783,,,1.0,2.0,,,,,,,,14.0,
552826810,,,1.0,,,,,,,,,2.0,
552926826,,,1.0,,,,1.0,,,,,2.0,
553126866,,,3.0,1.0,,,,,,,,27.0,1.0
553526930,,,1.0,,,,,,,,,15.0,26.0
554327006,,,1.0,,,,,,,,,3.0,17.0
554627013,,,1.0,,,,2.0,,,,,,
555527052,,,1.0,,,,1.0,,,,,14.0,
556227056,,,1.0,,,,1.0,,,,,4.0,
552426751,,,,1.0,,,,,,,,,
553826971,,,,1.0,,,,,,,,1.0,
554026962,,,,1.0,,1.0,,,,,,,
554127000,,,,1.0,,,,,,,,4.0,21.0
554427011,,,,1.0,,,,,,,,,
555127048,,,,3.0,,,,,,1.0,,4.0,
555127049,,,,2.0,,,,,,,,,
555127051,,,,1.0,,,,,,,,1.0,
555227035,,,,1.0,,,1.0,,,,,,
555527066,,,,1.0,,,,,,,,1.0,
555727061,,,,1.0,,,,,,,,1.0,
555727067,,,,1.0,,,,,,,,2.0,
555827043,,,,1.0,,,,,,,,1.0,
556027051,,,,1.0,,,2.0,,,,,,
556027054,,,,1.0,,,,,,,,,
556127052,,,,1.0,,,,,,,,1.0,
556227045,,,,1.0,,,,,,,,,
556527042,,,,1.0,,,,,,,,1.0,
553726960,,,,,1.0,,,,,,,,
553926951,,,,,1.0,,1.0,,,,,2.0,
555527053,,,,,,2.0,,,,,,15.0,
552326737,,,,,,,1.0,,,,,,
553026828,,,,,,,1.0,,,,,,
553026843,,,,,,,1.0,,,,,1.0,
553126856,,,,,,,1.0,,,,,2.0,
553226864,,,,,,,5.0,,,,,,
553526937,,,,,,,1.0,,,,,,
554026996,,,,,,,1.0,1.0,,,,,
554326986,,,,,,,1.0,,,,,,
554326988,,,,,,,1.0,,,,,,
554527013,,,,,,,1.0,,,,,2.0,
555027036,,,,,,,2.0,,,,,12.0,
555227036,,,,,,,2.0,,,,,1.0,
555727048,,,,,,,1.0,,,,,,
555927057,,,,,,,1.0,,,,,,
556027053,,,,,,,1.0,,,,,,
556127049,,,,,,,1.0,,,,,1.0,
556127051,,,,,,,1.0,,,,,,
556727013,,,,,,,1.0,,,,,,
553026863,,,,,,,,,,1.0,,,
553526934,,,,,,,,,,1.0,,,
554627039,,,,,,,,,,1.0,,,
531512346,,,,,,,,,,,,1.0,
533614454,,,,,,,,,,,,1.0,
534515376,,,,,,,,,,,,1.0,
534715606,,,,,,,,,,,,1.0,
534815706,,,,,,,,,,,,1.0,
534915749,,,,,,,,,,,,1.0,
535916747,,,,,,,,,,,,1.0,
545424180,,,,,,,,,,,,3.0,
547124897,,,,,,,,,,,,1.0,
548825593,,,,,,,,,,,,1.0,
549325790,,,,,,,,,,,,1.0,
549325791,,,,,,,,,,,,1.0,
551026412,,,,,,,,,,,,1.0,
551526560,,,,,,,,,,,,1.0,
551726604,,,,,,,,,,,,1.0,
551826561,,,,,,,,,,,,1.0,
551926652,,,,,,,,,,,,1.0,
552026606,,,,,,,,,,,,1.0,
552026632,,,,,,,,,,,,1.0,
552026669,,,,,,,,,,,,1.0,
552126692,,,,,,,,,,,,2.0,
552126693,,,,,,,,,,,,1.0,
552126694,,,,,,,,,,,,1.0,
552126696,,,,,,,,,,,,1.0,
552126698,,,,,,,,,,,,1.0,
552126700,,,,,,,,,,,,15.0,
552126702,,,,,,,,,,,,2.0,
552126703,,,,,,,,,,,,2.0,
552126704,,,,,,,,,,,,3.0,
552126705,,,,,,,,,,,,1.0,
552126706,,,,,,,,,,,,5.0,
552126707,,,,,,,,,,,,4.0,
552126708,,,,,,,,,,,,3.0,
552226710,,,,,,,,,,,,1.0,
552226713,,,,,,,,,,,,1.0,
552226715,,,,,,,,,,,,3.0,
552226719,,,,,,,,,,,,1.0,
552226729,,,,,,,,,,,,1.0,
552326721,,,,,,,,,,,,1.0,
552326730,,,,,,,,,,,,1.0,
552326733,,,,,,,,,,,,1.0,
552326745,,,,,,,,,,,,1.0,
552426735,,,,,,,,,,,,1.0,
552526753,,,,,,,,,,,,1.0,
552526757,,,,,,,,,,,,1.0,
552526762,,,,,,,,,,,,1.0,
552626738,,,,,,,,,,,,1.0,
552726781,,,,,,,,,,,,1.0,
552726790,,,,,,,,,,,,1.0,
552726817,,,,,,,,,,,,1.0,
552826702,,,,,,,,,,,,1.0,
552926789,,,,,,,,,,,,1.0,
553026802,,,,,,,,,,,,1.0,
553126840,,,,,,,,,,,,1.0,
553126854,,,,,,,,,,,,1.0,
553126855,,,,,,,,,,,,3.0,
553126857,,,,,,,,,,,,1.0,
553126860,,,,,,,,,,,,6.0,
553126861,,,,,,,,,,,,19.0,
553126874,,,,,,,,,,,,1.0,
553226855,,,,,,,,,,,,1.0,
553226857,,,,,,,,,,,,1.0,
553226869,,,,,,,,,,,,1.0,
553326906,,,,,,,,,,,,1.0,
553426849,,,,,,,,,,,,1.0,
553426919,,,,,,,,,,,,2.0,
553426930,,,,,,,,,,,,1.0,
553426931,,,,,,,,,,,,1.0,
553426932,,,,,,,,,,,,1.0,
553426935,,,,,,,,,,,,1.0,
553526894,,,,,,,,,,,,1.0,
553526897,,,,,,,,,,,,1.0,
553526936,,,,,,,,,,,,2.0,60.0
553626912,,,,,,,,,,,,1.0,
553626955,,,,,,,,,,,,1.0,
553726913,,,,,,,,,,,,1.0,
553826972,,,,,,,,,,,,1.0,
553926947,,,,,,,,,,,,1.0,
554026954,,,,,,,,,,,,1.0,
554126972,,,,,,,,,,,,3.0,
554127005,,,,,,,,,,,,1.0,
554226975,,,,,,,,,,,,1.0,
554226979,,,,,,,,,,,,1.0,
554427008,,,,,,,,,,,,2.0,
554427009,,,,,,,,,,,,1.0,
554427010,,,,,,,,,,,,1.0,
554427012,,,,,,,,,,,,2.0,
554427031,,,,,,,,,,,,1.0,
554526987,,,,,,,,,,,,1.0,
554526999,,,,,,,,,,,,2.0,
554527016,,,,,,,,,,,,2.0,1.0
554527036,,,,,,,,,,,,1.0,
554527037,,,,,,,,,,,,1.0,
554627040,,,,,,,,,,,,1.0,
554727016,,,,,,,,,,,,1.0,
554727048,,,,,,,,,,,,1.0,
554827023,,,,,,,,,,,,1.0,
554927039,,,,,,,,,,,,3.0,
554927043,,,,,,,,,,,,1.0,
554927050,,,,,,,,,,,,3.0,11.0
554927055,,,,,,,,,,,,1.0,
555027029,,,,,,,,,,,,1.0,
555027032,,,,,,,,,,,,2.0,
555027033,,,,,,,,,,,,2.0,
555027048,,,,,,,,,,,,2.0,
555027054,,,,,,,,,,,,1.0,
555027055,,,,,,,,,,,,4.0,
555127038,,,,,,,,,,,,1.0,
555127050,,,,,,,,,,,,1.0,
555127057,,,,,,,,,,,,2.0,
555127058,,,,,,,,,,,,1.0,
555127060,,,,,,,,,,,,1.0,
555227039,,,,,,,,,,,,1.0,
555227042,,,,,,,,,,,,1.0,
555227043,,,,,,,,,,,,1.0,
555227053,,,,,,,,,,,,1.0,
555227062,,,,,,,,,,,,1.0,
555327030,,,,,,,,,,,,1.0,
555327042,,,,,,,,,,,,1.0,
555327059,,,,,,,,,,,,3.0,
555327060,,,,,,,,,,,,4.0,
555427039,,,,,,,,,,,,2.0,
555427043,,,,,,,,,,,,2.0,
555427063,,,,,,,,,,,,2.0,
555527065,,,,,,,,,,,,2.0,
555527067,,,,,,,,,,,,1.0,
555527068,,,,,,,,,,,,1.0,
555527098,,,,,,,,,,,,2.0,
555627060,,,,,,,,,,,,11.0,
555627061,,,,,,,,,,,,1.0,
555627065,,,,,,,,,,,,1.0,
555627066,,,,,,,,,,,,3.0,
555627069,,,,,,,,,,,,3.0,
555727064,,,,,,,,,,,,1.0,
555727066,,,,,,,,,,,,4.0,
555727105,,,,,,,,,,,,1.0,
555827044,,,,,,,,,,,,5.0,
555827047,,,,,,,,,,,,3.0,
555827054,,,,,,,,,,,,1.0,
555827058,,,,,,,,,,,,6.0,
555827059,,,,,,,,,,,,3.0,1.0
555827066,,,,,,,,,,,,3.0,
555827071,,,,,,,,,,,,2.0,
555827072,,,,,,,,,,,,1.0,
555927056,,,,,,,,,,,,26.0,
555927058,,,,,,,,,,,,1.0,
555927065,,,,,,,,,,,,8.0,
555927066,,,,,,,,,,,,3.0,
555927067,,,,,,,,,,,,1.0,
556027056,,,,,,,,,,,,1.0,
556027058,,,,,,,,,,,,1.0,
556027062,,,,,,,,,,,,1.0,
556027063,,,,,,,,,,,,15.0,
556027064,,,,,,,,,,,,1.0,
556027065,,,,,,,,,,,,1.0,
556127045,,,,,,,,,,,,2.0,
556127055,,,,,,,,,,,,3.0,
556227044,,,,,,,,,,,,1.0,
556227049,,,,,,,,,,,,7.0,
556227051,,,,,,,,,,,,1.0,
556227052,,,,,,,,,,,,2.0,
556227053,,,,,,,,,,,,5.0,
556227058,,,,,,,,,,,,4.0,
556227059,,,,,,,,,,,,1.0,
556327050,,,,,,,,,,,,5.0,
556327051,,,,,,,,,,,,1.0,
556327053,,,,,,,,,,,,1.0,
556327054,,,,,,,,,,,,1.0,
556427031,,,,,,,,,,,,1.0,
556427048,,,,,,,,,,,,1.0,
556627018,,,,,,,,,,,,1.0,
556627037,,,,,,,,,,,,1.0,
556627038,,,,,,,,,,,,3.0,
556627040,,,,,,,,,,,,2.0,
556627041,,,,,,,,,,,,1.0,
556727016,,,,,,,,,,,,1.0,
556727031,,,,,,,,,,,,7.0,
556727033,,,,,,,,,,,,7.0,
556727034,,,,,,,,,,,,1.0,
556727035,,,,,,,,,,,,5.0,
556727036,,,,,,,,,,,,1.0,
556827029,,,,,,,,,,,,2.0,
556827030,,,,,,,,,,,,2.0,
556827031,,,,,,,,,,,,4.0,
556827034,,,,,,,,,,,,1.0,
556827035,,,,,,,,,,,,1.0,
556827037,,,,,,,,,,,,1.0,
556926999,,,,,,,,,,,,1.0,
556927024,,,,,,,,,,,,1.0,
556927029,,,,,,,,,,,,1.0,
556927030,,,,,,,,,,,,1.0,
556927031,,,,,,,,,,,,2.0,
557027016,,,,,,,,,,,,3.0,
557027024,,,,,,,,,,,,1.0,
557426531,,,,,,,,,,,,1.0,
690826620,,,,,,,,,,,,1.0,
534415271,,,,,,,,,,,,,2.0
552126685,,,,,,,,,,,,,1.0
554227013,,,,,,,,,,,,,2.0
554427013,,,,,,,,,,,,,1.0
554526985,,,,,,,,,,,,,1.0
