name,shopType,district,status,address,lat,lon,number
琴坊少女服飾店,cloth,萬華區,核准設立,中華路1段112之1號1樓,25.0403893,121.4525666,1100344
金能服飾行,cloth,萬華區,核准設立,西寧南路36號2樓之47,25.0452425,121.5064943,1100978
明華皮鞋店,cloth,大同區,核准設立,迪化街1段21號永樂公有市場1樓第1206攤位,25.0551656,121.510283,1133598
振揚服飾行,cloth,大同區,核准設立,華陰街106號、重慶北路1段29號2樓之4、2樓之5,25.0504843,121.5138533,1160948
達藝服裝材料行,cloth,大同區,核准設立,南京西路155巷22號,25.0545821,121.5133771,1162018
吉羊服務社,cloth,信義區,核准設立,松德路65號11樓之1,25.0384449,121.576699,1304924
三級跳童裝行,cloth,萬華區,核准設立,大理街42之13號1樓,25.0344027,121.4997495,1428241
三十六度流行坊飾品店,cloth,萬華區,核准設立,西寧南路70之31號,25.0435081,121.505886,1440890
山川牛仔服飾店,cloth,萬華區,核准設立,西寧南路70號2樓31室,25.0435081,121.505886,1448339
巧一服裝行,cloth,萬華區,核准設立,大理街42之6號,25.0344186,121.4999311,1449148
翊婷嬰童百貨行,cloth,文山區,核准設立,羅斯福路6段258號1樓,24.9917968,121.5401459,1700059
吉姆士西服號,cloth,中山區,核准設立,林森北路590號,25.0655182,121.5255936,4205477
啟豪服裝行,cloth,萬華區,核准設立,大理街27號1樓,25.0348035,121.5023535,4549825
雅美服裝行,cloth,萬華區,核准設立,大理街55號,25.0346656,121.5004572,4565090
九九鞋店,cloth,文山區,核准設立,景美街55號,24.9911859,121.541929,5500378
盈泰被服廠,cloth,大同區,核准設立,民族西路268號,25.0685297,121.5119173,7324118
福祥內衣行,cloth,大安區,核准設立,建國南路1段304巷3號1樓,25.03578,121.5371527,9401189
美達男女內衣行,cloth,信義區,核准設立,松山路541巷3號,25.037828,121.578405,9448516
艾翠娣服裝店,cloth,大安區,核准設立,東豐街21號1樓,25.0361581,121.5449757,9474942
艾達斯時尚精品服飾店,cloth,北投區,核准設立,知行路328號,25.122819600000003,121.4670223,9753326
小姐帕克服飾行,cloth,大安區,核准設立,泰順街44巷30號,25.0238109,121.529651,10057564
翔毅服飾精品店,cloth,信義區,核准設立,虎林街202巷68號1樓,25.037309,121.575448,10082796
貝拉服飾坊,cloth,大同區,核准設立,華陰街76號1樓,25.050347,121.514593,10302193
舜成服裝行,cloth,萬華區,核准設立,大理街177號1樓,25.0339418,121.4945313,10303411
姬發服裝工作室,cloth,大同區,核准設立,南京西路344巷15號1樓,25.0534414,121.5122492,10305086
為潔服飾精品店,cloth,士林區,核准設立,大東路13之6號,25.0875426,121.5251693,10305868
今天服裝行,cloth,萬華區,核准設立,漢中街59號1樓,25.0438,121.507418,10306091
今綺服飾行,cloth,萬華區,核准設立,峨眉街28號,25.0434132,121.5067811,10306108
小間搖滾服飾店,cloth,萬華區,核准設立,西寧南路72號之1，3樓,25.0433292,121.5059863,10308400
恰恰服飾,cloth,大安區,核准設立,基隆路2段206號,25.0238081,121.5516674,10308984
取締役時裝坊,cloth,士林區,核准設立,大南路98號,25.089588,121.524212,10310779
夢時代內衣店,cloth,中正區,核准設立,武昌街1段22巷23號,25.0433689,121.512327,10314043
東京紅衣鋪,cloth,松山區,核准設立,民生東路3段113巷25弄4之1號,25.0594248,121.5465397,10314851
田園服飾行,cloth,大同區,核准設立,重慶北路1段22號2樓之13,25.0505502,121.5134548,10316823
巧比童裝行,cloth,信義區,核准設立,永吉路473號,25.045612,121.579048,10321311
約瑟芬服飾行,cloth,信義區,核准設立,忠孝東路5段1之5號,25.041522,121.564994,10321348
佳倍絹服飾店,cloth,信義區,核准設立,永吉路491巷5弄42號,25.046113,121.579951,10323922
亞億成衣企業社,cloth,南港區,核准設立,昆陽街92號,25.0517728,121.5934153,10330199
尚鼎進口童裝坊,cloth,萬華區,核准設立,大理街26號,25.0345905,121.5017488,10332598
歐鎂飾品行,cloth,大同區,核准設立,重慶北路1段22之19號,25.0505502,121.5134548,10333034
莉莎精品服飾店,cloth,大安區,核准設立,忠孝東路4段146巷23號,25.0405346,121.5497665,10336166
蘿邑精品服飾行,cloth,大同區,核准設立,民生西路76號,25.0574846,121.5203773,10336412
寶舖飾品行,cloth,大同區,核准設立,太原路22巷2號,25.049868,121.5148212,10339380
成大童裝行,cloth,萬華區,核准設立,康定路287巷30號,25.0340012,121.5020398,10339467
吉莉庭服飾精品行,cloth,大安區,核准設立,忠孝東路4段49巷8號,25.0428429,121.545384,10340149
快樂媽媽童裝店,cloth,士林區,核准設立,延平北路5段278號2樓,25.0793109,121.5113728,10340318
一二三童裝行,cloth,士林區,核准設立,士東路46巷52號,25.1108699,121.5284229,10346946
方偉襪子專賣店,cloth,士林區,核准設立,大南路131號1樓,25.0897657,121.5232822,10347023
阿波服飾店,cloth,大安區,核准設立,敦化南路1段187巷53號,25.0426452,121.5520056,10351052
小敏服飾店,cloth,萬華區,核准設立,東園街120號,25.0239929,121.4972679,10351193
文櫻飾品店,cloth,大同區,核准設立,赤峰街71巷34號,25.0565486,121.520439,10359293
藝淇服飾坊,cloth,大安區,核准設立,通化街160號,25.0286394,121.5536932,10359857
彩龍舞蹈服裝工作室,cloth,中正區,核准設立,中華路1段77號9樓之3,25.0470284,121.5108323,10371655
小臻精品服飾店,cloth,中正區,核准設立,羅斯福路2段120號,25.0262981,121.5227216,10376906
舞陽服飾店,cloth,大安區,核准設立,金華街245之2號,25.0299229,121.530826,10377052
琪卡布蘭卡服飾精品店,cloth,大安區,核准設立,忠孝東路4段248巷6號,25.040687,121.5539976,10383126
婕尹服飾店,cloth,大安區,核准設立,師大路49巷6號,25.024222,121.52893799999998,10384217
大蝦服飾行,cloth,文山區,核准設立,木柵路2段117號,24.9890004,121.5619373,10385969
快樂維生服飾精品店,cloth,萬華區,核准設立,成都路67號5樓之1,25.0429491,121.5056906,10387283
亞姿服飾行,cloth,大安區,核准設立,敦化南路1段168號,25.043299,121.548436,10387501
曜麟飾品行,cloth,士林區,核准設立,文林路306號,25.092044100000006,121.5263065,10387880
麗高服裝行,cloth,萬華區,核准設立,大理街42巷1之1號(1樓),25.0342524,121.5003618,10392574
卡哇伊童裝店,cloth,中山區,核准設立,錦州街206號1樓,25.0602154,121.5311163,10394735
建嘉服裝行,cloth,信義區,核准設立,松山路119巷1弄4號,25.0477851,121.5785282,10395544
安裘服飾店,cloth,大安區,核准設立,忠孝東路4段97號4樓之2,25.0417524,121.5478903,10397331
金鈴服裝材料行,cloth,大同區,核准設立,延平北路2段35號5樓,25.0621612,121.5100305,10664723
康凱皮鞋店,cloth,中山區,核准設立,雙城街12巷6之1號1樓,25.066143,121.524704,12224770
東方友華服飾禮品店,cloth,中山區,核准設立,中山北路3段15之1號1樓,25.0643393,121.5225248,12291019
開泰鞋店,cloth,中山區,核准設立,長安東路2段18號,25.0483943,121.53062659999998,12433376
衣格爾服飾品行,cloth,萬華區,核准設立,寶興街230號,25.021987,121.49581200000002,13473240
克麗飾品店,cloth,大安區,核准設立,忠孝東路4段67號,25.0416949,121.5463511,13474901
阿達服飾精品店,cloth,大安區,核准設立,忠孝東路4段223巷41號地下,25.0427274,121.552999,13823491
協群服裝行,cloth,萬華區,核准設立,艋舺大道132號1樓,25.033010600000004,121.5018745,13844799
依裳精品服飾店,cloth,大同區,核准設立,延平北路2段108號,25.056752600000006,121.5114835,13845903
唯凱服飾行,cloth,中山區,核准設立,南京西路12巷11號,25.0517733,121.5215651,14316705
金萬美服飾店,cloth,士林區,核准設立,大東路32-1號,25.0891298,121.5252656,14326339
財發發服飾精品店,cloth,大安區,核准設立,麗水街1之1號,25.030666,121.528779,15641854
藍與天童裝行,cloth,萬華區,核准設立,康定路346號1樓、2樓,25.0350352,121.5010458,15659811
鳳緣服飾行,cloth,大安區,核准設立,安和路2段31號4樓,25.0318322,121.5526625,15663977
瓊妮服裝行,cloth,萬華區,核准設立,康定路368號,25.034245,121.50091100000002,15664201
耀瑋裝潢工程行,cloth,信義區,核准設立,基隆路1段380巷4號,25.0348247,121.559896,15667220
台北服裝行,cloth,萬華區,核准設立,大理街42之9號1樓,25.034409600000004,121.499811,15822481
旭華服裝行,cloth,萬華區,核准設立,西園路1段169號,25.034806,121.4994864,15829288
鼎順服裝行,cloth,萬華區,核准設立,艋舺大道89號1樓,25.0337927,121.5027943,15868922
加美服裝行,cloth,萬華區,核准設立,西園路1段282巷20之2號,25.0335759,121.498725,15962721
心雅服裝行,cloth,萬華區,核准設立,艋舺大道176號,25.0328035,121.5007632,15995103
茱麗葉皮鞋店,cloth,中正區,核准設立,沅陵街20之1號1樓,25.042727,121.512415,17080604
琇琳服飾店,cloth,內湖區,核准設立,東湖路33巷24號,25.0696897,121.613088,17081821
可思蒂服飾行,cloth,大安區,核准設立,仁愛路4段151巷20號,25.039771,121.5517009,17084860
秘密花園服飾店,cloth,大安區,核准設立,永康街11之3號,25.032719,121.529882,17262604
佼腳者皮鞋店,cloth,萬華區,核准設立,康定路314號,25.0359285,121.5012345,17266876
天美服飾店,cloth,信義區,核准設立,永吉路443巷5弄20號,25.046133,121.578715,17272976
比太司服飾行,cloth,信義區,核准設立,松山路119巷31號1樓,25.047554,121.579754,17518182
方登服飾名店,cloth,中正區,核准設立,羅斯福路4段44號1樓,25.0151759,121.533635,17530714
貨櫃蕃服飾行,cloth,信義區,核准設立,松山路119巷17弄18號,25.0476749,121.579919,17532234
周黃春滿服飾店,cloth,信義區,核准設立,永吉路443巷13弄17號,25.047125,121.579086,17532380
五九九服飾店,cloth,信義區,核准設立,永吉路443巷62號,25.047297,121.578262,17532591
卡蜜兒服飾,cloth,信義區,核准設立,永吉路443巷13弄19號,25.04714,121.57912,17533162
海帥童裝行,cloth,信義區,核准設立,永吉路494號,25.045169,121.57944,17533249
童顏本色童裝行,cloth,信義區,核准設立,永吉路514號1樓,25.0452778,121.5801453,17533536
富琦服飾行,cloth,南港區,核准設立,忠孝東路6段81巷18號,25.0480943,121.5840308,17550491
衣鑽服飾批發行,cloth,信義區,核准設立,松山路119巷5號,25.047553,121.578591,18089934
晶彩禮服攝影社,cloth,松山區,核准設立,延壽街11號,25.0573852,121.5686002,18102850
讚全服飾店,cloth,松山區,核准設立,民生東路5段125號1樓,25.0588716,121.5611145,18408661
金樺蒂時尚鞋坊,cloth,松山區,核准設立,八德路3段12巷70弄14號2樓,25.045407,121.5501232,18456298
衣景企業行,cloth,中山區,核准設立,中山北路1段53巷8號7樓之12,25.0491195,121.522133,18466211
名嬅精品服飾店,cloth,大安區,核准設立,大安路2段35號,25.0318839,121.5461662,19873807
伊吉米多服裝設計工作室,cloth,大安區,核准設立,忠孝東路3段248巷7弄12號1樓,25.0410205,121.5421945,20480029
宣宣服飾店,cloth,信義區,核准設立,光復南路419巷146號光復公有市場1樓12號攤位,25.0363471,121.56047759999998,20957706
聯合室內裝修業,cloth,松山區,核准設立,民生東路5段36巷4弄10號1樓,25.0577947,121.559498,21256169
漪淋服飾店,cloth,萬華區,核准設立,廣州街222號1樓,25.0366928,121.4969691,21700612
裘利安服飾店,cloth,內湖區,核准設立,成功路4段182巷6弄53號1樓,25.0831624,121.5926215,21704413
源芝服飾精品店,cloth,萬華區,核准設立,三水街82號1樓,25.0360459,121.50095,21706051
優雅服飾店,cloth,萬華區,核准設立,三水街82號1樓,25.0360459,121.50095,21706159
天琪服飾店,cloth,萬華區,核准設立,三水街86號1樓,25.0360664,121.5008051,21708327
苑蘋服飾店,cloth,萬華區,核准設立,三水街78號1樓,25.0360049,121.5015546,21708332
三友屋舶來精品服飾店,cloth,大同區,核准設立,重慶北路1段22號1樓,25.0530893,121.5148252,21709439
錄錄服飾行,cloth,士林區,核准設立,大南路20號1樓,25.0891228,121.5258478,21709780
雅格精品服飾店,cloth,大安區,核准設立,忠孝東路4段155號10樓之9,25.0417426,121.5500104,21710153
奇利內衣精品商店,cloth,中山區,核准設立,民權東路2段105號1樓,25.0627084,121.532688,21711076
冠佑服飾精品店,cloth,大安區,核准設立,光復南路180巷5號,25.0423006,121.556882,21721638
禾青晚宴服名店,cloth,中山區,核准設立,中山北路2段170號1樓,25.0635527,121.5222178,21725851
美兒精品服飾店,cloth,信義區,核准設立,文昌街320號1樓,25.0321227,121.5579844,21725888
自由自在服飾行,cloth,中正區,核准設立,信義路2段57號1樓,25.034844,121.526088,21726401
廣盛益服裝行,cloth,信義區,核准設立,松山路119巷18號,25.047312,121.579102,21730860
精品飾品店,cloth,大同區,核准設立,重慶北路1段27巷15號,25.0501478,121.51408290000002,21732311
維欣服飾店,cloth,北投區,核准設立,中央北路1段183號1樓,25.135657,121.497827,21738292
鑽石大象衣舖,cloth,萬華區,核准設立,西寧南路72之1號2樓,25.043239,121.5059649,21740656
翔琪服飾精品店,cloth,萬華區,核准設立,西寧南路72之1號,25.043239,121.5059649,21754601
時代服飾行,cloth,大同區,核准設立,太原路11巷11號,25.0496721,121.5155895,21755762
茉莉服飾店,cloth,松山區,核准設立,八德路3段12巷51弄31號1樓,25.0462649,121.5521338,21757109
奇倫服飾店,cloth,萬華區,核准設立,西寧南路48之3號,25.044379,121.506273,21758058
佳峰服飾店,cloth,信義區,核准設立,忠孝東路5段390號1樓,25.040729,121.574335,21758064
明隆服飾材料行,cloth,大同區,核准設立,承德路2段175巷3號1樓,25.058891,121.5186968,21761899
芭芭兒服飾店,cloth,中山區,核准設立,四平街55號1樓,25.0537685,121.53352209999998,21764538
嘉泰精品服飾行,cloth,中正區,核准設立,濟南路2段71之1號1樓,25.040377300000006,121.5324292,21765001
玉成鞋店,cloth,南港區,核准設立,南港路3段358號玉成公有市場第1號攤位,25.05411,121.5911219,24014807
吉茂服飾材料社,cloth,大同區,核准設立,南京西路167巷11號,25.0551032,121.51269170000002,25502775
頂好國際衣飾店,cloth,信義區,核准設立,松山路119巷30號,25.047302,121.579547,25504099
安尼童屋,cloth,中山區,核准設立,四平街55號,25.0537685,121.53352209999998,25509670
分享服飾店,cloth,大安區,核准設立,大安路1段75巷1號,25.0398967,121.5458369,25511893
衣帽間流行工作室,cloth,中山區,核准設立,中山北路2段170號8樓,25.0635527,121.5222178,25517242
宏雅服裝行,cloth,南港區,核准設立,玉成街52巷16號2樓,25.047706,121.580886,25518798
汶洋服飾行,cloth,中山區,核准設立,林森北路275號,25.055252300000006,121.5255791,25521750
織苑精品服裝店,cloth,中正區,核准設立,南昌路1段29號,25.0318342,121.5169174,25521885
美樂豬的幸福城堡服飾店,cloth,萬華區,核准設立,成都路81號7樓之2,25.043089,121.505268,25522809
豐麗服飾精品店,cloth,士林區,核准設立,中山北路5段531號1樓,25.0942275,121.527856,25533088
榕榕服飾行,cloth,中山區,核准設立,中山北路3段15之19號,25.0650409,121.522767,25533828
時尚女王童裝精品館,cloth,大安區,核准設立,忠孝東路4段216巷29號(A舖),25.0396289,121.5529531,25534447
大廷四季風流行飾品行,cloth,大同區,核准設立,重慶北路1段15巷9號,25.0501095,121.5139425,25539029
零柒參壹服飾店,cloth,大安區,核准設立,忠孝東路4段148號8樓,25.0413537,121.54973400000002,25539288
富旺服飾行,cloth,士林區,核准設立,忠誠路2段10巷21號,25.1089358,121.52892079999998,25539724
金肥嘴衣櫃企業社,cloth,萬華區,核准設立,西寧南路72之1號3樓,25.043239,121.5059649,25540567
妍園服飾精品店,cloth,文山區,核准設立,木柵路1段206號,24.9877895,121.55313429999998,25542740
皮克尼克服飾行,cloth,大安區,核准設立,泰順街40巷15號之3,25.0244169,121.530326,25543494
寶參飾品行,cloth,大同區,核准設立,太原路18號,25.0498093,121.5149545,25543874
聰明飾品行,cloth,大同區,核准設立,鄭州路29巷4之1號,25.05001,121.514297,25544374
金紅服飾店,cloth,文山區,核准設立,景文街5號,24.9932,121.5415695,25545155
緹安娜服飾店,cloth,中山區,核准設立,南京東路2段115巷18之1號,25.053183,121.533522,25546366
梨花服飾精品店,cloth,大安區,核准設立,師大路49巷13號,25.0243987,121.5292909,25546387
依縈服裝材料行,cloth,大同區,核准設立,南京西路185巷30號1樓,25.0550655,121.51253529999998,25547772
花劇服裝設計室,cloth,大同區,核准設立,承德路2段173號,25.0587459,121.518492,25547885
泰瑞莎衣坊,cloth,大安區,核准設立,延吉街126巷14號1樓,25.0402243,121.5543624,25549271
莎黛服飾名店,cloth,大安區,核准設立,敦化南路1段177巷43號,25.043095,121.55158059999998,25549292
紫瀅服裝行,cloth,萬華區,核准設立,和平西路3段102之1號,25.0350757,121.5007616,25549413
衣櫃服飾精品店,cloth,中山區,核准設立,長安西路19巷2弄25號,25.051098,121.520427,25551249
可臻服裝行,cloth,信義區,核准設立,中坡北路15巷4號,25.0448079,121.580628,25552303
廉行服飾店,cloth,萬華區,核准設立,西園路1段220巷2號,25.0348664,121.4976184,25553529
鼎好服裝行,cloth,萬華區,核准設立,西園路1段173號,25.0347223,121.4994934,25553801
安琦妮服飾行,cloth,大安區,核准設立,信義路4段58之1號,25.0330113,121.5454284,25555272
十五服飾店,cloth,士林區,核准設立,大東路18之2號,25.0885685,121.52516640000002,25555414
華漾服飾行,cloth,中正區,核准設立,寧波西街39號,25.0310562,121.5179631,25555478
樺榮服飾行,cloth,萬華區,核准設立,西寧南路72之1號3樓(11室),25.043239,121.5059649,25555765
金鑽服飾店,cloth,中正區,核准設立,羅斯福路1段44號,25.0310653,121.5192478,25555929
俏咪內衣店,cloth,松山區,核准設立,南京東路5段123巷15號,25.0523785,121.5607311,25556048
路西斐爾飾品行,cloth,松山區,核准設立,復興北路201號12樓之1,25.055759100000003,121.544358,25556716
賢洋衣飾商行,cloth,大安區,核准設立,大安路1段59號,25.0428695,121.5463485,25559018
嗎納服飾精品店,cloth,大安區,核准設立,敦化南路1段161巷56號,25.043358,121.5517601,25559349
云怡精品服飾坊,cloth,大安區,核准設立,大安路1段51巷33號,25.043225,121.547623,25560330
三弘服飾企業社,cloth,大安區,核准設立,復興南路1段135巷19號,25.0427599,121.5451852,25560958
鐵皮兔服飾店,cloth,大安區,核准設立,泰順街40巷21號,25.0244167,121.5300518,25561128
宇騏男女精品服飾店,cloth,大安區,核准設立,通化街149號1樓,25.0287378,121.5540211,25561984
金蔓谷服裝行,cloth,萬華區,核准設立,康定路352號,25.0347862,121.5010306,25562800
寶利亞精品服飾行,cloth,中正區,核准設立,沅陵街9號,25.042886,121.51233700000002,25562978
家如服飾行,cloth,文山區,核准設立,景文街91號1樓,24.991033,121.541392,25563532
新悅服飾行,cloth,大安區,核准設立,仁愛路4段439號,25.0380439,121.5568675,25563961
吉麗服裝行,cloth,信義區,核准設立,永吉路443巷13弄5號,25.047137,121.578614,25564482
卡布奈特席琳服飾精品店,cloth,大安區,核准設立,敦化南路1段160巷37號,25.043651800000006,121.5471415,25565378
翔鳳服飾精品店,cloth,信義區,核准設立,吳興街103之1號,25.018528,121.572007,25567039
歆裳時裝號,cloth,士林區,核准設立,華榮街31號,25.0958305,121.5234298,25567170
義佳服飾店,cloth,萬華區,核准設立,中華路1段114巷4號之2,25.0438189,121.508059,25568683
愛禾寢飾居家生活館,cloth,中山區,核准設立,新生北路2段76巷28號,25.057427800000006,121.5265886,25569389
麗地亞飾品行,cloth,大同區,核准設立,重慶北路1段26巷9弄8號,25.0509933,121.5131506,25569472
依殿服飾,cloth,士林區,核准設立,忠誠路2段130巷8號1樓,25.1141242,121.5315844,25569661
克洛士服飾店,cloth,大同區,核准設立,昌吉街36號,25.065765,121.5169924,25570111
強力服裝行,cloth,士林區,核准設立,延平北路5段245巷3號1樓,25.0845827,121.50943490000002,25570251
路卡兒精品飾品館,cloth,中山區,核准設立,四平街55號,25.0537685,121.53352209999998,25571131
文浩服飾坊,cloth,萬華區,核准設立,西寧南路50巷13之1號、15號,25.0444573,121.5055331,25571337
錸宣服飾精品店,cloth,大安區,核准設立,敦化南路1段161巷11號,25.0436463,121.5498605,25571483
田園衣家小舖,cloth,北投區,核准設立,中央南路1段50號,25.1321199,121.5012864,25571879
古飾洋行,cloth,大安區,核准設立,大安路1段31巷19號,25.0440521,121.5471616,25572075
非絲服飾店,cloth,大安區,核准設立,敦化南路1段161巷20號,25.0434115,121.5501221,25572292
新立騰服裝製作工作室,cloth,萬華區,核准設立,西寧南路36號2樓之118,25.0452425,121.5064943,25572477
永錡服飾行,cloth,中正區,核准設立,武昌街1段22巷22號,25.0433289,121.512201,25572814
俏米服飾店,cloth,中山區,核准設立,林森北路50號11樓,25.0484947,121.5242467,25572976
全鑫精品服飾行,cloth,士林區,核准設立,德行東路257號5樓,25.109945,121.5348205,25573412
衣公主服飾精品店,cloth,大同區,核准設立,天水路7號,25.0535539,121.51398629999998,25573763
艾美琳服裝行,cloth,萬華區,核准設立,康定路336號3樓,25.0354328,121.5011591,25574427
欣穎韓國服飾精品行,cloth,大安區,核准設立,忠孝東路4段49巷8號,25.0428429,121.545384,25575360
妮娜服飾店,cloth,大安區,核准設立,臨江街59號,25.0300216,121.5556137,25577634
婕思服飾精品館,cloth,大安區,核准設立,忠孝東路4段201號1樓,25.0416768,121.551655,25578958
楹仟精品服飾行,cloth,大安區,核准設立,延吉街164之2號,25.0390514,121.554942,25579859
嗎集服飾精品店,cloth,士林區,核准設立,中山北路7段37號1樓,25.1195593,121.5306825,25580650
奇蹟皮飾精品名店,cloth,大安區,核准設立,忠孝東路4段216巷18號,25.0404734,121.5527779,25582833
勤美服飾行,cloth,信義區,核准設立,永吉路491巷7弄31號,25.046416,121.57982,25583592
佩蒂服飾行,cloth,南港區,核准設立,中坡北路40巷1號,25.0461887,121.5808974,25586556
朝陽鞋店,cloth,松山區,核准設立,南京東路3段305號7樓,25.052009,121.546818,25586710
洗遍天下洗鞋店,cloth,內湖區,核准設立,民權東路6段84號,25.0687141,121.58574070000002,25586747
允圓服裝行,cloth,萬華區,核准設立,大理街54之1號1樓,25.034358,121.4990339,25597370
艾蕎安精品服飾店,cloth,中正區,核准設立,羅斯福路1段8號公有南門市場2樓238號百貨攤位,25.0203177,121.5285068,25600591
萊斯米網路服飾商行,cloth,信義區,核准設立,吳興街284巷22弄91號2樓,25.023048,121.561068,25612273
京萱服飾,cloth,萬華區,核准設立,峨眉街42號,25.043555,121.506441,25615905
艾之屋服飾店,cloth,中正區,核准設立,金山南路1段108之2號,25.0353702,121.5272768,25630217
慶浩服飾坊,cloth,萬華區,核准設立,西寧南路70號2樓之1,25.0435081,121.505886,25654441
啟典服飾店,cloth,大安區,核准設立,復興南路1段91號,25.0441441,121.5440586,25654532
迪亞姿精品服飾行,cloth,士林區,核准設立,社中街166號1樓,25.0908263,121.50930420000002,25654717
丹迪服飾店,cloth,北投區,核准設立,永興路1段54號,25.139498,121.50073799999998,25654955
追勢可得服飾店,cloth,大安區,核准設立,光復南路290巷68號1樓,25.0394462,121.5551691,25655080
鼎欣服飾精品坊,cloth,中正區,核准設立,羅斯福路4段52巷8號1樓,25.0147594,121.5337102,25655194
大利時裝店,cloth,萬華區,核准設立,長順街89巷3號,25.031704,121.490466,25655547
瑜瑄服飾精品店,cloth,萬華區,核准設立,西寧南路72之1號4樓,25.043239,121.5059649,25655602
鏵芳服飾行,cloth,萬華區,核准設立,萬大路480號1樓,25.019851899999995,121.497398,25656089
水漾服飾行,cloth,大同區,核准設立,重慶北路1段1號地下,25.0528239,121.515048,25656433
名曜衣著店,cloth,大安區,核准設立,師大路87號,25.0232307,121.5285488,25656638
南米國服飾精品店,cloth,大同區,核准設立,赤峰街17巷13號1樓,25.053773,121.519817,25657307
俊達服裝行,cloth,萬華區,核准設立,大理街92號1樓,25.0342225,121.4982135,25658039
雅妍服飾精品店,cloth,大安區,核准設立,羅斯福路3段251之1號,25.019207,121.530162,25658713
大統西服店,cloth,士林區,核准設立,大西路39號,25.09081,121.524424,25658777
衣紡商行,cloth,內湖區,核准設立,陽光街321巷26號5樓之10,25.072293,121.5785839,25659706
上妮雅精品服飾店,cloth,大安區,核准設立,忠孝東路4段101巷25號,25.0428737,121.5482112,25660133
仙人掌精品服飾,cloth,萬華區,核准設立,西寧南路72之1號3樓,25.043239,121.5059649,25660387
天行精品服飾商行,cloth,萬華區,核准設立,峨眉街68號,25.0440109,121.504518,25660751
潔西精品服飾店,cloth,文山區,核准設立,萬美街1段19巷2號2樓,25.0016339,121.562597,25661082
永麗服裝修改店,cloth,大安區,核准設立,大安路1段51巷36之1號,25.042967,121.547586,25661098
大來舞蹈服裝工作室,cloth,中山區,核准設立,民生東路2段54號,25.0578556,121.5294567,25661793
鐘意歐洲服飾精品店,cloth,中山區,核准設立,吉林路238號,25.0594205,121.5300904,25661864
威記洋行服飾店,cloth,士林區,核准設立,大東路30之1號,25.089058,121.5252422,25662337
罌粟花園精品服飾店,cloth,松山區,核准設立,饒河街71號,25.050335,121.5732449,25662771
經緯服飾精品坊,cloth,萬華區,核准設立,西寧南路72之1號2樓,25.043239,121.5059649,25663130
樂夥精品服飾店,cloth,大同區,核准設立,南京西路25巷4之1號1樓,25.053824,121.5203104,25664026
嘉茂服裝行,cloth,萬華區,核准設立,寶興街80巷29弄1號1樓,25.0255019,121.4938467,25664692
豪奕洗衣店,cloth,南港區,核准設立,三重路67巷2弄15號,25.0599915,121.6138388,25665257
香草服飾店,cloth,大安區,核准設立,忠孝東路4段49巷4弄2號,25.0423127,121.5453295,25666489
金嘉麗服飾名店,cloth,松山區,核准設立,南京東路5段123巷15號,25.0523785,121.5607311,25669492
衣舞館服飾店,cloth,大安區,核准設立,龍泉街39號1樓,25.0240662,121.5294623,25671167
小閣樓服飾精品店,cloth,大安區,核准設立,泰順街50巷36號1樓,25.0231238,121.5294916,25673432
領飾館服飾,cloth,萬華區,核准設立,中華路1段112之1號1樓,25.0403893,121.4525666,25680686
潔妮斯流行飾品行,cloth,大同區,核准設立,華陰街72巷8號,25.0500929,121.514584,26207385
衣戀服飾行,cloth,信義區,核准設立,永吉路443巷1弄25號,25.045843,121.578815,26207619
貓耳朵精品服飾行,cloth,大安區,核准設立,敦化南路1段160巷16號,25.0434449,121.5477706,26207765
柚子皮飾品店,cloth,大安區,核准設立,龍泉街45號,25.023711,121.529432,26208011
眯眼兔童裝坊,cloth,信義區,核准設立,永吉路441號,25.045569,121.578291,26209362
參陸玖服飾店,cloth,中山區,核准設立,松江路123巷3號1樓,25.0530617,121.53364840000002,26210282
小提琴精品服飾店,cloth,大安區,核准設立,大安路1段53號,25.0429928,121.5463168,26211091
?享服飾行,cloth,大安區,核准設立,敦化南路1段187巷33號,25.0427631,121.5510686,26211439
采瑤服飾店,cloth,內湖區,核准設立,成功路4段182巷6弄49號,25.0832465,121.592746,26211542
栗花服飾精品店,cloth,大安區,核准設立,大安路1段49號,25.0432478,121.5463279,26211803
幸運數服飾商行,cloth,士林區,核准設立,通河西街2段145號3樓,25.0931313,121.5054534,26213561
時季服飾,cloth,南港區,核准設立,興華路30巷18、20號,25.0547804,121.6059207,26216217
沙迪思服飾店,cloth,大安區,核准設立,忠孝東路4段205巷26弄5號,25.043284600000003,121.5515065,26217406
雅提珥服飾店,cloth,大安區,核准設立,臨江街58號,25.0296852,121.55586809999998,26218496
桔梗服飾店,cloth,大安區,核准設立,大安路1段63號,25.0425549,121.54627859999998,26219050
寶貝當家童裝行,cloth,信義區,核准設立,永吉路501號1樓,25.045571,121.579615,26219087
伊渥維克服裝工作室,cloth,大安區,核准設立,信義路4段208號,25.0330507,121.551819,26219299
獨樹衣閣時尚生活館,cloth,大安區,核准設立,復興南路2段200號11樓,25.026835100000003,121.5432387,26220090
鞋屋坊,cloth,萬華區,核准設立,武昌街2段15號,25.0445239,121.5081803,26220113
貝琪服飾店,cloth,大安區,核准設立,忠孝東路4段216巷23號,25.0401109,121.5530413,26220198
雪莉禮服百貨行,cloth,士林區,核准設立,中正路235巷47號3樓,25.0938502,121.5263831,26220492
囍鵲國際服飾,cloth,大安區,核准設立,敦化南路1段161巷21號,25.0436465,121.5502263,26220583
虹晴服飾商行,cloth,信義區,核准設立,松山路173號,25.046053,121.577995,26221302
虹盛服飾商行,cloth,信義區,核准設立,松山路171巷8號,25.046073,121.5782272,26221318
旻寶貝童衣小鋪,cloth,文山區,核准設立,景興路234號4樓,24.9907249,121.543129,26221865
大洲服飾行,cloth,萬華區,核准設立,大理街20巷12號1樓,25.0338802,121.5021714,26222034
實鵬服飾行,cloth,萬華區,核准設立,環河南路1段123號3樓,25.0427998,121.5007072,26223316
衣啊衣啊喲精品童裝店,cloth,松山區,核准設立,民生東路5段202號之1,25.0582514,121.5645057,26223836
時間衣著精品店,cloth,士林區,核准設立,大東路29之1號,25.0891983,121.5251608,26223890
莎芭寶貝童裝專賣店,cloth,大安區,核准設立,大安路2段156號,25.0290298,121.54588429999998,26224461
亮堤服裝行,cloth,信義區,核准設立,松山路119巷7號3樓,25.04755,121.578672,26225356
小客廳服飾店,cloth,信義區,核准設立,永吉路491巷5弄9號,25.046234,121.57951,26226329
正大服裝材料行,cloth,大同區,核准設立,延平北路3段66巷16號3樓,25.06534,121.5101972,26226432
師大六五精品服飾店,cloth,大安區,核准設立,龍泉街65號,25.0230972,121.5293629,26226448
依閣服飾店,cloth,中山區,核准設立,中山北路3段15之13號,25.0650409,121.522767,26227024
帝兆服飾行,cloth,大安區,核准設立,忠孝東路3段248巷63號,25.0387779,121.5413969,26227066
桀晟服飾店,cloth,信義區,核准設立,永吉路443巷24號,25.046141,121.578261,26227093
焦糖可可服飾精品店,cloth,大安區,核准設立,敦化南路1段190巷10號,25.0425407,121.5479599,26227306
沈宗霖男模服飾店,cloth,萬華區,核准設立,西寧南路72之1號3樓,25.043239,121.5059649,26227312
宜利服飾店,cloth,大同區,核准設立,重慶北路1段27巷10號,25.0501989,121.5139426,26227376
亮羽服飾,cloth,大安區,核准設立,大安路1段41號,25.0437241,121.5462689,26228348
花花服飾行,cloth,信義區,核准設立,永吉路459巷5弄4號,25.0459149,121.578922,26229016
阿娜米服飾店,cloth,中山區,核准設立,大直街56號1樓,25.082644,121.546259,26229058
京柔服飾店,cloth,北投區,核准設立,石牌路2段175號,25.1185609,121.5181219,26230864
鼎浩服裝坊,cloth,信義區,核准設立,永吉路443巷3弄10號,25.045931,121.578564,26230891
幸侶服飾行,cloth,萬華區,核准設立,西園路1段111號1樓,25.0382012,121.4998685,26231245
唐殷中大尺碼服飾店,cloth,中山區,核准設立,中山北路1段127號,25.051517,121.522608,26231701
天筑服飾精品坊,cloth,信義區,核准設立,莊敬路418之2號,25.026944,121.566402,26232440
香草森林服飾精品店,cloth,信義區,核准設立,中坡北路47號,25.046234,121.580444,26232602
可祥服飾行,cloth,北投區,核准設立,光明路132之8號,25.133786,121.502307,26232912
女人們精品服飾店,cloth,大安區,核准設立,敦化南路1段163號,25.043455,121.549389,26233074
鈺方服飾精品店,cloth,中正區,核准設立,臨沂街57巷44號,25.0371219,121.531659,26233829
順成服飾實業社,cloth,中山區,核准設立,長春路20號7樓之1,25.054893600000003,121.5240014,26237493
午後家鞋店,cloth,信義區,核准設立,永吉路491巷5弄8號,25.046122,121.579428,26238802
淘樂偲衣舖子商行,cloth,內湖區,核准設立,內湖路1段591巷10弄2號,25.081447,121.5731027,26239247
唐殷中大尺碼服飾店忠孝店,cloth,大安區,核准設立,忠孝東路3段210號,25.0414579,121.5398119,26240130
永綺寢飾行,cloth,信義區,核准設立,永吉路347號,25.045644,121.576255,26241187
大樺服飾行,cloth,信義區,核准設立,松山路137號1樓、139號1樓,25.0448382,121.5799419,26242094
布雷克服飾店,cloth,大安區,核准設立,龍泉街72號,25.0233419,121.529266,26242616
媃衣歐洲服飾店,cloth,大同區,核准設立,華陰街94號1樓,25.0504588,121.5142262,26242947
巴?思精品服飾,cloth,中山區,核准設立,松江路123巷3號(1樓),25.0530617,121.53364840000002,26243214
星羽服飾,cloth,中山區,核准設立,林森北路410之3號,25.0594037,121.5253334,26244213
綺軒服飾行,cloth,信義區,核准設立,永吉路491巷9弄18號,25.0465045,121.5797377,26244728
碧瑤衣坊,cloth,文山區,核准設立,木柵路3段102巷4號,24.9881729,121.567468,26244831
妹可精品服飾店,cloth,信義區,核准設立,光復南路421號1樓,25.0364922,121.5577649,26244868
愛美麗服飾店,cloth,松山區,核准設立,饒河街185號,25.0507113,121.5758879,26245965
木木精品服飾店,cloth,北投區,核准設立,溫泉路3號,25.133916,121.502569,26246606
育儒服飾店,cloth,士林區,核准設立,大北路23號,25.0897336,121.5263555,26246676
品昱服飾行,cloth,萬華區,核准設立,峨眉街28號,25.0434132,121.5067811,26246916
谷?服飾,cloth,萬華區,核准設立,中華路1段110號地下,25.0425033,121.5081978,26247318
雨蓁服飾行,cloth,大同區,核准設立,民權西路160巷30弄31號,25.0612889,121.515335,26247915
佳泰服飾坊,cloth,大安區,核准設立,泰順街40巷30號,25.0242466,121.5299092,26248111
雪之屋服飾,cloth,萬華區,核准設立,西寧南路72之1號2樓,25.043239,121.5059649,26248344
鑫達鞋坊,cloth,中山區,核准設立,中山北路3段25之17號,25.065042,121.522787,26249771
阿玲服飾店,cloth,中山區,核准設立,四平街100號1樓,25.0535924,121.5346031,26249982
優喜服飾,cloth,大安區,核准設立,延吉街128號,25.0402194,121.5547115,26250220
邊境服飾,cloth,萬華區,核准設立,昆明街96巷17號,25.0448849,121.5046581,26251092
唐殷中大尺碼服飾店南京東店,cloth,松山區,核准設立,南京東路4段93號,25.051828,121.5543306,26251136
黑門服飾店,cloth,大安區,核准設立,龍泉街15號,25.0252345,121.52931940000002,26251311
孟雲服飾店,cloth,大安區,核准設立,師大路135巷10號1樓,25.021268,121.528332,26254491
冰衫衣角洋行,cloth,萬華區,核准設立,武昌街2段35號,25.0446376,121.5077501,26254838
上格西服企業社,cloth,萬華區,核准設立,漢口街2段54之33號1樓,25.045497,121.505941,26255294
三億服飾行,cloth,大同區,核准設立,太原路17號,25.050228,121.515221,26256028
霖衣裳服飾舖,cloth,大安區,核准設立,樂業街68號,25.0220443,121.5505098,26256527
舶尹服飾精品店,cloth,大安區,核准設立,仁愛路4段151巷13號,25.0390391,121.55186709999998,26256701
展辰服飾商行,cloth,大安區,核准設立,泰順街50巷19號,25.0232349,121.53016399999998,26257223
水金玲服飾店,cloth,內湖區,核准設立,陽光街92巷7弄6號,25.075592800000006,121.5848999,26265342
伊恩服裝設計,cloth,大安區,核准設立,忠孝東路3段10巷22號7樓,25.040837300000003,121.5333283,26283833
?蒂女孩服飾商號,cloth,大安區,核准設立,仁愛路4段345巷15弄17號,25.0390068,121.5546199,26305864
瑟邁摩服飾店,cloth,萬華區,核准設立,昆明街96巷28號,25.0448489,121.5040125,26333714
可染精品服飾店,cloth,大安區,核准設立,永康街31之2號,25.031315,121.529728,26337789
雅笛精品鞋店,cloth,大安區,核准設立,和平東路1段210號,25.02615,121.53148799999998,26338289
肜穎服飾,cloth,內湖區,核准設立,成功路4段30巷24號,25.0824964,121.591699,26338458
七彩虹服飾坊,cloth,士林區,核准設立,大南路25號,25.0890931,121.5256406,26340187
水榕榕精品服飾,cloth,北投區,核准設立,長壽路19號,25.142505,121.504457,26341236
有樂町精品服飾店,cloth,大安區,核准設立,師大路59巷5號,25.0240809,121.528918,26341593
衣姿妮百貨行,cloth,大安區,核准設立,龍泉街92號,25.0226771,121.529223,26342426
丁香服飾,cloth,文山區,核准設立,羅斯福路4段200號2樓之42,25.0109118,121.536655,26342798
精藝西服訂做專門店,cloth,萬華區,核准設立,昆明街58之2號、58之3號,25.0462102,121.5053953,26343001
轉角巴黎精品服飾店,cloth,大安區,核准設立,忠孝東路4段216巷19弄21號,25.040399,121.5540118,26344424
衣坊布行,cloth,中正區,核准設立,博愛路142號,25.042729,121.511396,26345057
吉妮時尚衣著?,cloth,文山區,核准設立,木新路3段255號,24.9810319,121.55838529999998,26347013
嗎鈉服飾精品店,cloth,士林區,核准設立,中正路232號,25.0954498,121.5257766,26347668
新宿史考特服飾,cloth,萬華區,核准設立,西寧南路72之1號,25.043239,121.5059649,26348879
弘娸服飾行,cloth,信義區,核准設立,永吉路443巷13弄21號,25.0471409,121.5792,26349119
和義服裝材料行,cloth,大同區,核准設立,環河北路2段269號2樓之3,25.070322,121.5094528,26350558
泰克服飾批發行,cloth,北投區,核准設立,中山路47號5樓,25.138585,121.5116874,26350760
玖玖精品服飾,cloth,大同區,核准設立,承德路3段51巷7號1樓,25.065316,121.5189977,26351162
愛衣裳洋坊,cloth,信義區,核准設立,吳興街220巷59弄13號,25.026815,121.5611216,26351254
織飾家小舖,cloth,信義區,核准設立,松山路462號,25.040458,121.577643,26351347
冰淇淋服飾店,cloth,大安區,核准設立,大安路1段31巷27號,25.0440988,121.5474122,26352182
蕾莎服飾精品店,cloth,中正區,核准設立,臨沂街81號,25.034414,121.527944,26352319
玥綺禮服工作室,cloth,文山區,核准設立,羅斯福路6段264號3樓,24.9916389,121.54008,26353154
彩翊服飾店,cloth,文山區,核准設立,木柵路3段105號,24.9889375,121.5681358,26355316
英蕙服飾精品商行,cloth,大安區,核准設立,永康街10號,25.0317194,121.5295149,26355596
砡綸服飾行,cloth,萬華區,核准設立,康定路348號,25.0348964,121.5010383,26356130
錢進流行服飾精品行,cloth,大同區,核准設立,涼州街1號,25.0608802,121.5142941,26356407
傑聖服裝行,cloth,萬華區,核准設立,西園路1段203巷4之1號,25.0336293,121.4997722,26356531
溫蒂舞衣材料店,cloth,大同區,核准設立,迪化街1段21號永樂公有市場3樓3033號,25.0551656,121.510283,26356595
鞋融商行,cloth,大安區,核准設立,敦化南路2段63巷53弄2號,25.0310562,121.5514337,26356954
薇之服飾精品,cloth,中山區,核准設立,天津街56之5號,25.0505344,121.5230429,26357503
谷米服飾店,cloth,大安區,核准設立,敦化南路1段187巷46號,25.0424388,121.5515489,26358165
明心服飾店,cloth,中正區,核准設立,和平西路1段57之1號,25.0269484,121.5196774,26358432
騵聚服飾店,cloth,萬華區,核准設立,武昌街2段82巷2弄2號,25.044694,121.50571399999998,26359170
婷莉服裝行,cloth,信義區,核准設立,松山路119巷1弄3號,25.0476249,121.578226,26361507
依蓮精品服飾店,cloth,文山區,核准設立,開元街26號,24.989017,121.569518,26361534
尚庭服飾店,cloth,信義區,核准設立,光復南路465號,25.0340754,121.5577064,26362436
宜佳服飾商行,cloth,萬華區,核准設立,中華路1段114巷4之8號,25.0438699,121.50782,26363076
芸梵服飾屋,cloth,內湖區,核准設立,成功路4段41巷5號,25.0810414,121.5918852,26364568
聖樺精品服飾店,cloth,中正區,核准設立,中華路2段313巷10號,25.0282201,121.506223,26364639
衣訊服裝行,cloth,萬華區,核准設立,康定路362號,25.0344032,121.5009789,26364928
瑩領服飾企業社,cloth,松山區,核准設立,復興南路1段23號,25.0466819,121.544154,26365216
采姿服裝行,cloth,大安區,核准設立,羅斯福路2段75之3號,25.0263895,121.5232832,26365454
瑞旭服飾企業社,cloth,士林區,核准設立,延平北路5段244巷21弄1號1樓,25.085051,121.510463,26366756
艾原瑟服飾店,cloth,大安區,核准設立,敦化南路1段233巷25號,25.0404296,121.550739,26367349
唐殷中大尺碼服飾店士林店,cloth,士林區,核准設立,中山北路5段515號1樓,25.0939374,121.527815,26367431
白胚衣工作室,cloth,萬華區,核准設立,環河南路2段164號2樓之5,25.0350958,121.4939298,26368017
二十八精品服飾店,cloth,萬華區,核准設立,西寧南路72之1號5樓,25.043239,121.5059649,26369613
三三一精品服飾店,cloth,萬華區,核准設立,西寧南路72之1號3樓,25.043239,121.5059649,26369640
愛麗絲鞋舖,cloth,中正區,核准設立,沅陵街２號,25.0427915,121.5130112,26369888
貝俐童裝坊,cloth,信義區,核准設立,永吉路497號,25.045576,121.579512,26370180
艾美利服飾行,cloth,萬華區,核准設立,西寧南路129號,25.044262,121.50649,26371287
潮新精品服飾行,cloth,文山區,核准設立,下崙路11巷20號4樓,24.9859429,121.559573,26372027
愛妞精品服飾店,cloth,大安區,核准設立,通化街69號,25.0303284,121.5543423,26372188
彼家服飾行,cloth,萬華區,核准設立,西寧南路70號3樓之34,25.0435081,121.505886,26372455
雅潔衣物保養店,cloth,南港區,核准設立,東新街90號,25.0464498,121.587332,26374073
楓翰精品服飾店,cloth,士林區,核准設立,華榮街24號,25.0956989,121.523569,26374284
金蔥服飾商行,cloth,大同區,核准設立,重慶北路1段22號地下之1,25.050507,121.513411,26374587
霓霓精品服飾店,cloth,中山區,核准設立,龍江路328巷21號,25.0652749,121.539453,26375185
財發發服飾精品店敦化店,cloth,大安區,核准設立,大安路1段51巷49號,25.043214000000006,121.548031,26389765
橋衣坊,cloth,士林區,核准設立,天母東路8巷90號1樓,25.1145076,121.5302137,26722853
金豐服裝材料行,cloth,文山區,核准設立,景美街1之7號,24.9940348,121.5417675,27026931
立佳服裝行,cloth,萬華區,核准設立,西藏路225號,25.0286135,121.4946643,27169304
飛宏服裝行,cloth,萬華區,核准設立,康定路370之1號1樓,25.034167,121.500727,27169509
紫晶百貨服飾行,cloth,大同區,核准設立,華陰街72巷12號,25.050014,121.514571,27180188
弘嘉服飾行,cloth,萬華區,核准設立,廣州街184號,25.0366533,121.4985586,29202785
天母嚴選服飾行,cloth,士林區,核准設立,中山北路7段48號1樓,25.1204917,121.5312636,29205973
綺俐服飾行,cloth,萬華區,核准設立,康定路243號,25.0349445,121.5014624,29215326
巷子裏的狗服飾精品店,cloth,中山區,核准設立,松江路123巷6號1樓,25.052840300000003,121.5337149,29222699
女生穿服飾精品店,cloth,大安區,核准設立,師大路83巷2號,25.0232272,121.5286111,29223493
展翼進口服飾精品店,cloth,中山區,核准設立,興安街49號,25.05632,121.541066,29223753
加一服飾店,cloth,大安區,核准設立,忠孝東路4段155號10樓之7,25.0417426,121.5500104,29227929
盈嘉流行服飾行,cloth,萬華區,核准設立,中華路1段144之3號,25.043161,121.5080755,29231000
桃太郎服裝行,cloth,信義區,核准設立,永吉路437號1樓,25.045588,121.578173,29231326
變形蟲服飾行,cloth,大安區,核准設立,敦化南路1段187巷33號,25.0427631,121.5510686,29238279
暐晨服飾行,cloth,士林區,核准設立,天母西路13巷5號1樓,25.1188542,121.5281385,29241915
千有服裝材料行,cloth,大同區,核准設立,重慶北路2段70巷17號,25.056144,121.51308600000002,29241984
亞瑪精品服飾店,cloth,大安區,核准設立,忠孝東路4段216巷15號1樓,25.0406546,121.5530206,29242421
完美女人服飾精品店,cloth,中正區,核准設立,中華路2段313巷8號1樓,25.028197100000003,121.5061628,29242581
成旺牛仔皮衣精品坊,cloth,萬華區,核准設立,桂林路臨90之2號1樓,25.0383292,121.5003585,29242864
荷衣行,cloth,士林區,核准設立,中山北路6段762號,25.1158973,121.5284403,29247235
誼銘服飾店,cloth,萬華區,核准設立,昆明街98之2號1樓,25.044587,121.5051653,29247642
冬之戀精品服飾,cloth,信義區,核准設立,文昌街322號1樓,25.0320948,121.5581686,29248641
裳蝶少女服飾行,cloth,萬華區,核准設立,西昌街190號1樓,25.0376747,121.5004931,29250147
瑄瑜服飾行,cloth,萬華區,核准設立,廣州街223巷7號3樓,25.0369952,121.4989785,29472561
欣其服裝店,cloth,萬華區,核准設立,西園路1段187之1號1樓,25.0341421,121.4995357,30173507
我愛寶貝親子童裝,cloth,松山區,核准設立,三民路68巷1號6樓之2,25.0552975,121.5642297,31814353
金莎服飾店,cloth,信義區,核准設立,松山路119巷8號,25.047325,121.578676,31819006
坦克服飾店,cloth,信義區,核准設立,永吉路459巷5弄41號,25.04602,121.579561,31826196
京信服飾店,cloth,松山區,核准設立,復興北路181號,25.0548084,121.5444479,31842724
卓泰服飾店,cloth,松山區,核准設立,南京東路5段104號,25.0512741,121.561899,31843174
碧雅詩精品服飾店,cloth,中山區,核准設立,雙城街10巷41號1樓,25.0642301,121.5231187,31843857
瑄品服飾小舖,cloth,中正區,核准設立,羅斯福路4段52巷18號,25.014491,121.5335355,31844173
金苑服飾店,cloth,大安區,核准設立,敦化南路1段161巷26號1樓,25.043408300000007,121.5503759,31844379
新鮮空氣服飾精品店,cloth,大安區,核准設立,通化街39巷62弄16號,25.030203600000004,121.5561453,31845270
三安衣舖,cloth,大安區,核准設立,潮州街98巷4之1號1樓,25.0286597,121.5251276,31847875
啾莉服飾行,cloth,信義區,核准設立,永吉路459巷3弄21號(1樓),25.0458219,121.579159,31848213
名旂服飾店,cloth,內湖區,核准設立,東湖路113巷51號,25.0706379,121.6157684,31848699
大亮服裝行,cloth,萬華區,核准設立,桂林路246巷42弄23號1樓,25.0362285,121.4920956,31850420
三隻孔雀服飾店,cloth,大安區,核准設立,忠孝東路4段205巷29弄6號,25.043046,121.5521869,31851080
喬麗歐洲服飾店,cloth,大安區,核准設立,和平東路1段198號1樓,25.026168,121.531183,31851130
衣娟精品店,cloth,文山區,核准設立,忠順街1段32號1樓,24.9840666,121.5594905,31851413
京采服裝行,cloth,萬華區,核准設立,大理街42巷2號1樓,25.0342834,121.5001304,31851981
正捷團體服裝,cloth,萬華區,核准設立,康定路364號(1樓),25.0343019,121.500937,31852216
墨水服飾店,cloth,士林區,核准設立,小東街33號,25.0893842,121.5262175,31852567
卡多利皮鞋工作坊,cloth,內湖區,核准設立,成功路4段61巷25弄12號1樓,25.0803702,121.5926304,31853051
盈利服飾店,cloth,中正區,核准設立,沅陵街19號1樓,25.042903,121.51193,31853171
佳家服飾店,cloth,士林區,核准設立,大南路110號,25.0896969,121.523833,31853398
雙魚座皮鞋店,cloth,中正區,核准設立,沅陵街24之1號,25.042728,121.51236000000002,31853432
王薏菲時裝工作室,cloth,大安區,核准設立,忠孝東路4段53之10號,25.041854,121.5454649,31854100
采妍服飾,cloth,北投區,核准設立,石牌路2段68巷2號1樓,25.1163548,121.5162628,31854158
英杰服裝工作室,cloth,松山區,核准設立,八德路2段437巷2弄2之2號,25.0486867,121.5469892,31854278
名揚生活寢飾館,cloth,北投區,核准設立,光明路119號,25.133795000000006,121.502021,31854410
微時尚服飾行,cloth,大安區,核准設立,敦化南路1段233巷64號1樓,25.0403006,121.5525068,31854657
雅綺皮飾行,cloth,中正區,核准設立,沅陵街44號,25.042742,121.511824,31855419
爾雅精品服飾,cloth,文山區,核准設立,木新路3段278巷10號,24.9819835,121.5579903,31855522
可麗欣服飾精品店,cloth,大同區,核准設立,民生西路47號捷運中山地下街B63號店舖,25.0579015,121.5206032,31856655
書妃精品服飾店,cloth,大安區,核准設立,敦化南路1段187巷75號,25.0426027,121.5525699,31857893
莉托派芮服飾店,cloth,中山區,核准設立,雙城街10巷41號1樓,25.0642301,121.5231187,31859490
豪麗服飾精品店,cloth,大安區,核准設立,大安路1段51巷4號,25.0430462,121.5464257,31859766
喜設計服飾,cloth,松山區,核准設立,民生東路5段22號1樓,25.0582137,121.5564069,31860617
如雅服飾行,cloth,大同區,核准設立,重慶北路1段22號2樓之21,25.0505502,121.5134548,31861215
凱悅服飾行,cloth,信義區,核准設立,松山路119巷1弄3號,25.0476249,121.578226,31861361
葛洛莉雅服飾店,cloth,中山區,核准設立,松江路362巷40號,25.0618974,121.53178090000002,31861974
新隆服裝行,cloth,萬華區,核准設立,艋舺大道275巷6號,25.033385,121.49758590000002,31862170
穆凱服飾店,cloth,中山區,核准設立,中山北路2段44巷21之1號,25.0551543,121.5211262,31863240
金峰山飾品行,cloth,萬華區,核准設立,和平西路3段102之1號,25.0350757,121.5007616,31864199
黑磨服飾商行,cloth,松山區,核准設立,饒河街249號,25.0509984,121.5773608,31864917
財發發服飾精品店成都店,cloth,大安區,核准設立,光復南路290巷31號1樓,25.0392162,121.5561237,31865958
克?吉服裝行,cloth,大安區,核准設立,泰順街60巷27號,25.0226189,121.529457,31866197
奕宇鞋行,cloth,大安區,核准設立,安和路1段92號,25.0346241,121.5523584,31866909
富雅美皮鞋店,cloth,中正區,核准設立,武昌街1段22巷31號,25.043234,121.512317,31867554
摩登族鞋鋪,cloth,萬華區,核准設立,西寧南路36之25、36之26號,25.045518,121.506394,31869096
亮利服裝行,cloth,萬華區,核准設立,大理街157號地下,25.0341774,121.4963649,31870072
霿羽服飾,cloth,松山區,核准設立,南京東路5段277號,25.051598,121.565761,31870116
彩雲服飾店,cloth,萬華區,核准設立,成都路20號,25.042453,121.5068399,31870657
衣櫃商行,cloth,中山區,核准設立,南京東路2段24巷8號,25.0515978,121.5288687,31871945
滌聲衣著,cloth,大安區,核准設立,敦化南路1段177巷40號,25.0429306,121.5511342,31872254
倫旺服飾店,cloth,中山區,核准設立,北安路544之1號,25.0800679,121.547947,31872347
美樂服飾店,cloth,萬華區,核准設立,中華路1段114巷3號1樓,25.0438888,121.508295,31872769
玲玲精品服飾店,cloth,內湖區,核准設立,內湖路1段323巷4弄13號,25.0828565,121.5673934,31873177
創意設計服飾行,cloth,信義區,核准設立,永吉路443巷7弄26號1樓,25.04635,121.578789,31873330
米凱精品服飾,cloth,中山區,核准設立,中山北路1段138號,25.051494,121.52198500000002,31873508
淚滴熊飾品館,cloth,大同區,核准設立,重慶北路1段26巷9弄28號.30號(1樓),25.0505135,121.5129347,31873660
哈囉優拉服飾店,cloth,大安區,核准設立,師大路139號1樓,25.0214734,121.5280943,31873747
旭虹服飾副料行,cloth,大同區,核准設立,南京西路185巷7號5樓之9,25.0545877,121.5123469,31873887
魔法衣的店,cloth,士林區,核准設立,福華路164巷9號1樓,25.104403100000006,121.5228702,31874149
上禾鞋業企業社,cloth,大同區,核准設立,民生西路300號8樓,25.0568455,121.5123282,31874204
蓁弘服裝行,cloth,信義區,核准設立,松山路119巷1弄8號,25.0476801,121.5785817,31874210
凱特服飾行,cloth,信義區,核准設立,松山路119巷21之1號,25.0379979,121.57909270000002,31874289
千轅流行精品服飾店,cloth,內湖區,核准設立,內湖路1段737巷50弄39號,25.0807574,121.57841940000002,31875148
匡晶服飾行,cloth,中山區,核准設立,中山北路2段36巷19號,25.0544015,121.5215442,31875338
品昇服飾行,cloth,北投區,核准設立,泉源路60號4樓,25.1414,121.512889,31875935
夏米服飾,cloth,松山區,核准設立,南京東路4段110之1號,25.0514669,121.5545504,31879931
進昇服裝行,cloth,萬華區,核准設立,西園路1段217號,25.0340974,121.4987962,31880058
藍翊服飾店,cloth,大安區,核准設立,臨江街32號,25.0295607,121.5563575,31881253
布雷奇精品服飾店,cloth,萬華區,核准設立,西寧南路72之1號1樓,25.043239,121.5059649,31882020
自由服飾店,cloth,信義區,核准設立,永吉路459巷7弄16號,25.046133,121.579086,31886089
韓妮衣著坊,cloth,中正區,核准設立,信陽街5之1號,25.0447081,121.5167437,31887192
萬萬服飾店,cloth,文山區,核准設立,景中街30巷6之2號,24.9925337,121.54197340000002,31888143
立斯精品服飾店,cloth,萬華區,核准設立,昆明街96巷9號(2樓),25.0448522,121.5048652,31888262
三禾衣料坊,cloth,南港區,核准設立,八德路4段768巷3號2樓,25.0499978,121.5805848,31891837
慕樂精品服飾店,cloth,大安區,核准設立,光復南路290巷40號1樓,25.0394718,121.5560196,31910454
崔斯俏可服飾店,cloth,大安區,核准設立,光復南路260巷42號1樓,25.0403597,121.555529,31947282
櫻桃幫飾品店,cloth,信義區,核准設立,永吉路517巷8弄2號1樓,25.046441,121.580206,31947500
傑妮流行服飾舖,cloth,萬華區,核准設立,西寧南路72之1號3樓,25.043239,121.5059649,31948058
辛尼服飾店,cloth,萬華區,核准設立,西寧南路72之1號2樓,25.043239,121.5059649,31948212
裝點企業社,cloth,松山區,核准設立,健康路280號2樓,25.053962,121.56479,31948472
妍嬉服飾店,cloth,松山區,核准設立,民生東路4段97巷1弄25號1樓,25.0583116,121.5514237,31949021
米蘿服裝,cloth,大安區,核准設立,麗水街13巷10號,25.0301439,121.529028,31949471
寬園服飾名店,cloth,士林區,核准設立,福華路164巷10號1樓,25.1042261,121.52292040000002,31949872
咪絢精品服飾行,cloth,大安區,核准設立,敦化南路1段187巷37號,25.0426477,121.5512154,31950429
玫瑰園日本進口服飾行,cloth,大同區,核准設立,重慶北路一段22號2樓之36、37,25.0505502,121.5134548,31950981
新利服飾行,cloth,信義區,核准設立,永吉路459巷5弄20號,25.045915,121.579168,31951594
馨馨兒服飾商行,cloth,萬華區,核准設立,西寧南路72之1號3樓,25.043239,121.5059649,31951617
找樂子創意服飾行,cloth,中正區,核准設立,羅斯福路4段136巷1弄9號,25.0129402,121.5355072,31952046
蕎安服飾店,cloth,內湖區,核准設立,成功路4段61巷25弄14號1樓,25.0803393,121.5925403,31952622
布感衣坊,cloth,內湖區,核准設立,新明路174巷1號2樓,25.0576675,121.5855965,31952833
友諾精品服飾店,cloth,大安區,核准設立,仁愛路4段71巷28號1樓,25.0400538,121.5472055,31952910
綺麗時裝工作室,cloth,大同區,核准設立,迪化街1段21號永樂公有市場3樓3091號百貨攤位,25.0551656,121.510283,31953827
貓尾巴日韓服飾,cloth,信義區,核准設立,松德路12號6樓,25.0397253,121.5774188,31954213
東豐精品服飾店,cloth,大安區,核准設立,東豐街35號1樓,25.0361302,121.5463133,31955108
優質機能服飾店,cloth,信義區,核准設立,福德街229號1樓,25.0385837,121.5852467,31955347
鋒衣精品服飾行,cloth,士林區,核准設立,大北路41號1樓,25.0898588,121.5259353,31955607
有力精品服飾商行,cloth,中山區,核准設立,四平街67號,25.0537871,121.53399679999998,31955894
慕卡精品服飾店,cloth,大安區,核准設立,通化街9號,25.0321189,121.55434270000002,31956036
御采服飾店,cloth,信義區,核准設立,中坡南路211號,25.0412476,121.5853979,31956985
富安斯時尚服飾店,cloth,大安區,核准設立,敦化南路1段161巷3號,25.0436032,121.5495222,31957963
騏驊服飾行,cloth,萬華區,核准設立,康定路360之1號,25.03445,121.500966,31959625
水衫集服飾店,cloth,士林區,核准設立,天母東路8巷82號1樓,25.1148008,121.5303479,31960453
艾莉絲精品服飾店,cloth,松山區,核准設立,三民路113巷13號1樓,25.0578388,121.5628256,31961087
尊碩西服企業社,cloth,萬華區,核准設立,漢口街2段54之37號1樓,25.045563,121.505963,31961328
承奕服飾店,cloth,中山區,核准設立,南京東路2段115巷36號1樓,25.0532495,121.533625,31961431
麗蓁精品服飾店,cloth,士林區,核准設立,中山北路6段464號,25.1145925,121.5276814,31962282
樂比飾品坊,cloth,士林區,核准設立,大東路25之2號1樓,25.089002800000006,121.52507959999998,31962678
貝拉米服飾精品店,cloth,士林區,核准設立,中正路235巷41號,25.0941909,121.5263449,31964113
萬星服飾行,cloth,萬華區,核准設立,西寧南路70號2樓之9,25.0435081,121.505886,31981204
諾思拿鞋坊,cloth,大安區,核准設立,臨江街4號,25.0294851,121.5568835,31982077
依蕾服飾精品行,cloth,內湖區,核准設立,康寧路3段26巷12號,25.0717473,121.607921,34771717
三和興服飾店,cloth,萬華區,核准設立,漢中街50巷7號1樓,25.0441764,121.50713290000002,37906317
嚕嚕米童裝精品,cloth,文山區,核准設立,木新路3段369號,24.9801814,121.5553513,38455368
艾瑞絲服飾店,cloth,萬華區,核准設立,西寧南路72之1號2樓,25.043239,121.5059649,38455851
采禾稜服飾店,cloth,大安區,核准設立,忠孝東路4段87之16號,25.041776,121.54764,38456438
吉思緹娜服飾店,cloth,北投區,核准設立,中和街336號(1樓),25.141294,121.499542,38457844
衣們工作坊,cloth,內湖區,核准設立,東湖路126號2樓,25.0680499,121.6164407,38458816
名雅服裝行,cloth,萬華區,核准設立,萬大路1號1樓,25.0327132,121.5006447,38461299
京采精品服飾店,cloth,中山區,核准設立,南京東路1段132巷3號,25.0516773,121.5272695,38461381
杰瑞燊服飾店,cloth,北投區,核准設立,石牌路2段68巷10號,25.1163003,121.5165148,38462396
采瑜飾品店,cloth,士林區,核准設立,大南路132號,25.0899114,121.5231554,38464583
加減乘除服飾店,cloth,萬華區,核准設立,西寧南路72-1號(1樓18室),25.043239,121.5059649,38465865
鞋來風鞋店,cloth,內湖區,核准設立,東湖路113巷27號,25.069796,121.615672,38467391
角落服飾店,cloth,士林區,核准設立,文林路116號,25.0882225,121.5264105,38468336
綵葳服飾精品店,cloth,松山區,核准設立,民生東路5段212巷11號1樓,25.058229,121.5650773,38468835
奈祇服飾店,cloth,大安區,核准設立,忠孝東路4段97號地下之17,25.0417642,121.5382163,38469047
鈞瑋國際服貿商行,cloth,士林區,核准設立,大東路16之9號,25.0880849,121.5251817,38469237
威帥服飾店,cloth,大同區,核准設立,民生西路112號,25.0573789,121.51959,38470213
甜妞節慶飾品舖,cloth,大同區,核准設立,長安西路101號,25.0511927,121.5161635,38470234
茱儷雅服飾精品店,cloth,中正區,核准設立,金山南路1段104號1樓,25.0356543,121.5273519,38470706
緹郡服飾商行,cloth,士林區,核准設立,德行西路38號1樓,25.1054792,121.5234148,38470826
寶寶的家童裝店,cloth,中正區,核准設立,辛亥路1段17巷8號1樓,25.0193647,121.5278488,38470939
宣皓服飾行,cloth,松山區,核准設立,民生東路5段200號1樓,25.0587084,121.5645574,38474007
綵翊服裝行,cloth,萬華區,核准設立,西園路1段276號1樓,25.033949,121.4992773,38474055
美人座時裝社,cloth,中山區,核准設立,遼寧街45巷21號,25.0488282,121.5430125,38474597
艾法飾小鋪,cloth,士林區,核准設立,福華路164巷4號1樓,25.1042554,121.5227037,38474610
創薇服裝行,cloth,信義區,核准設立,永吉路459巷9弄17號,25.046454,121.579197,38491809
淯弼精品服飾店,cloth,大安區,核准設立,金華街156號,25.0297,121.529677,38492552
維娜精品服飾行,cloth,中正區,核准設立,寧波西街41號,25.0310357,121.517929,38494854
蕾貝加服飾店,cloth,中山區,核准設立,北安路595巷18號1樓,25.082114,121.5477568,38495805
時尚圈精品服飾,cloth,中正區,核准設立,和平西路1段64號,25.026351100000007,121.5193129,38496017
映欣精品服飾店,cloth,大安區,核准設立,復興南路1段107巷19之2號,25.0437695,121.5452041,38496781
有想法的小姐禮服店,cloth,大同區,核准設立,涼州街2號3樓之13,25.0607122,121.51419640000002,38497780
易來發精品服飾店,cloth,中山區,核准設立,長春路374號1樓,25.054404,121.542972,38499014
奧麗薇服飾店,cloth,中山區,核准設立,中山北路1段140巷10號1樓,25.0514079,121.5213751,38499160
裝備家企業社,cloth,大同區,核准設立,民族西路81號,25.0687011,121.5178269,38499422
宜禾服飾行,cloth,士林區,核准設立,大南路113號,25.0896305,121.5237512,38499507
亮妍服飾行,cloth,信義區,核准設立,松山路145號,25.046794,121.577997,38499669
著私精品服飾行,cloth,萬華區,核准設立,中華路1段114巷1號,25.044038,121.507758,38499859
好設計文創服飾,cloth,大同區,核准設立,迪化街1段9號,25.05411,121.510285,38500666
參合一服裝工作室,cloth,大安區,核准設立,大安路1段19巷39號2樓,25.0445426,121.548037,38502947
勝發禮服店,cloth,萬華區,核准設立,西寧南路36號2樓之117,25.0452425,121.5064943,38503278
名迪服飾行,cloth,文山區,核准設立,木新路3段133之1號,24.9817674,121.5618209,38504332
曼婷服飾店,cloth,大安區,核准設立,和平東路3段272號,25.021099,121.555764,38504353
艾莉緹織飾品舖,cloth,信義區,核准設立,吳興街279號1樓,25.026572,121.564151,38504543
涵舍精品服飾,cloth,大安區,核准設立,信義路4段265巷23號1樓,25.034363,121.554936,38505249
台北機能服飾店,cloth,文山區,核准設立,木柵路2段65號1樓,24.988858,121.56061,38505748
菲磨服飾商行,cloth,松山區,核准設立,饒河街113號,25.0505358,121.5742223,38506113
誠緻億服飾行,cloth,大安區,核准設立,敦化南路1段177巷10號,25.0429506,121.5497645,38506177
花花熊童裝小舖,cloth,信義區,核准設立,光復南路417號1樓之6,25.0366392,121.5577977,38507865
練習曲服飾店,cloth,大同區,核准設立,承德路1段77巷17號1樓,25.0521668,121.5180956,38508061
景美自然風格機能服飾店,cloth,文山區,核准設立,羅斯福路6段156巷2號1樓,25.000411,121.539328,38508230
桂女織服飾店,cloth,信義區,核准設立,松山路556號,25.037489,121.578126,38508631
海灘古著服飾店,cloth,大同區,核准設立,赤峰街71巷26號1樓,25.0565671,121.5202954,38509266
杉二衣服飾店,cloth,松山區,核准設立,新東街28號1樓,25.0592925,121.5660913,38509408
政儀服飾店,cloth,中山區,核准設立,松江路123巷3號,25.0530617,121.53364840000002,38510236
提拉米蘇服飾店,cloth,信義區,核准設立,永吉路439號,25.045599,121.578218,38510453
京阪精品服飾,cloth,中山區,核准設立,雙城街10巷41號1樓,25.0642301,121.5231187,38510480
艾蜜奇精品服飾店,cloth,中山區,核准設立,雙城街12巷3之2號,25.0631883,121.5244635,38511018
茹品衣舖,cloth,信義區,核准設立,忠孝東路5段790巷20弄2號1樓,25.0429409,121.581924,38513944
喬袺服飾企業社,cloth,大安區,核准設立,通化街13號,25.0320484,121.554345,38514042
漢妮流行時尚服飾行,cloth,松山區,核准設立,南京東路5段123巷15號,25.0523785,121.5607311,38514649
派思翠精品服飾店,cloth,大安區,核准設立,忠孝東路4段205巷14號,25.0424165,121.5518804,38514900
艾美立服飾行,cloth,萬華區,核准設立,漢中街50巷11號,25.044146,121.507069,38528876
俏琳琳精品服飾店,cloth,中山區,核准設立,松江路283號5樓,25.060222,121.5334757,38528881
盈佳國際流行服飾店,cloth,士林區,核准設立,大南路116號,25.0897269,121.5237265,38533391
小弟妹童裝行,cloth,信義區,核准設立,永吉路489號,25.0455849,121.579297,38548845
寶石男仕禮服行寶三店,cloth,大安區,核准設立,光復南路84號1樓,25.0445219,121.5574984,38550932
衣哲服飾店,cloth,中正區,核准設立,八德路1段46號9樓,25.0437396,121.53082240000002,38553918
麥兜精品服飾店,cloth,萬華區,核准設立,武昌街2段50巷18號1樓,25.044233,121.506854,38554563
瑪麗服飾精品店,cloth,大安區,核准設立,敦化南路1段177巷10號,25.0429506,121.5497645,38554769
茱葉特精品服飾店,cloth,大安區,核准設立,忠孝東路4段205巷29弄1號1樓,25.043193,121.5519991,38554796
嘉佳精品服飾企業,cloth,內湖區,核准設立,康寧路3段165巷14弄6號,25.0708077,121.6122771,38555325
禾荷國際衣飾,cloth,信義區,核准設立,永吉路443巷13弄6號,25.046916,121.578602,38556149
維克特傢飾館,cloth,中正區,核准設立,泉州街26號1樓,25.0264035,121.5138418,38556470
澐裳服飾精品店,cloth,中山區,核准設立,錦州街370號,25.0600978,121.5400794,38557864
友良服飾行,cloth,大安區,核准設立,安和路1段127巷29弄11號,25.0355328,121.55369650000002,38558408
全衣帆服飾店,cloth,中山區,核准設立,雙城街17巷10號1樓,25.0644488,121.5248032,38559482
豪邦球鞋用品行,cloth,萬華區,核准設立,西寧南路72之1號4樓,25.043239,121.5059649,38559820
從前從前服飾店,cloth,大安區,核准設立,復興南路1段107巷5弄8號,25.04424,121.5445785,38560734
伊衫服飾店,cloth,大安區,核准設立,通化街39巷62弄53之1號,25.0299234,121.5563225,38561213
君源服飾行,cloth,大安區,核准設立,羅斯福路3段191號,25.021088,121.528109,38562135
橙品服飾精品店,cloth,松山區,核准設立,民生東路4段75巷2號,25.058201,121.551361,38562389
樂星時裝,cloth,中正區,核准設立,?門街89之2號,25.042754,121.515034,38563113
橙品家飾生活屋,cloth,信義區,核准設立,永吉路326巷27號1樓,25.0441065,121.5755472,38563471
舒波瑞奇精品服飾,cloth,中山區,核准設立,錦西街3號,25.0604198,121.5220027,38563535
楊媽媽童裝小舖,cloth,松山區,核准設立,八德路4段660號4樓之6,25.049864000000003,121.5758318,38564794
鹿羽精品服飾店,cloth,中山區,核准設立,林森北路132號1樓,25.0513443,121.5250264,38564909
儒娜韓國服飾精品,cloth,松山區,核准設立,民生東路5段224號1樓,25.0588915,121.56551709999998,38565766
雅德服飾店,cloth,北投區,核准設立,石牌路1段164之1號,25.1143871,121.5134712,38565843
銤菈服飾店,cloth,大安區,核准設立,師大路59巷6號,25.0238307,121.528865,38565908
歐雅寶飾坊,cloth,中正區,核准設立,信義路2段59號,25.034819,121.52613999999998,38566337
瑜千進口服飾專門店,cloth,士林區,核准設立,天母西路3之25號,25.118591,121.529231,38566358
艾密齊服飾坊,cloth,中山區,核准設立,合江街135號1樓,25.0615805,121.5393831,38566619
衣帽間精品服飾店,cloth,大安區,核准設立,羅斯福路3段283巷36號4樓之2,25.0194492,121.5318148,38566863
藜花服飾精品店,cloth,大安區,核准設立,師大路49巷13號,25.0243987,121.5292909,38568258
卡絲莉精品服飾店,cloth,中山區,核准設立,松江路226巷16之2號1樓,25.0583996,121.5315897,38568362
藝邦服飾店,cloth,中山區,核准設立,南京東路2段176號1樓,25.0516609,121.534972,38569284
洪白服飾店,cloth,大安區,核准設立,安東街40巷7號,25.044189000000006,121.541859,38570135
洪勝美服裝行,cloth,萬華區,核准設立,西園路1段181之1號,25.0343497,121.4995297,38570661
大世界服飾,cloth,中正區,核准設立,汀州路2段339號1樓,25.0212595,121.5252685,38571351
緯縈服飾實業開發店,cloth,內湖區,核准設立,成功路4段168號9樓之2,25.0831939,121.5929564,38572345
吉驪服裝行,cloth,大同區,核准設立,重慶北路1段22號地下之16、地下之15,25.081781600000006,121.5129575,38572491
歐哈那服飾店,cloth,大安區,核准設立,敦化南路1段161巷3號1樓,25.0436032,121.5495222,38572751
穎芃服飾店,cloth,中正區,核准設立,武昌街1段16巷16號1樓,25.043225,121.512545,38573040
栗花服飾精品店忠孝分店,cloth,大安區,核准設立,復興南路1段135巷31號,25.042736,121.5455668,38573098
大衛寢飾家居館,cloth,士林區,核准設立,克強路28號1樓,25.1091067,121.5233485,38573175
萊福服飾店,cloth,士林區,核准設立,大南路117號1樓,25.0896577,121.5236631,38573323
娜雅服飾店,cloth,萬華區,核准設立,成都路29號,25.042666,121.506814,38573371
如心服飾店,cloth,士林區,核准設立,基河路34號,25.0837868,121.5245559,38573793
鉑澄服飾坊,cloth,大安區,核准設立,忠孝東路4段97號2樓之24,25.0417524,121.5478903,38575103
百柏成衣店,cloth,士林區,核准設立,中山北路7段58號,25.1207707,121.5313931,38577165
炳安服裝店,cloth,萬華區,核准設立,永福街63號,25.0386733,121.5033941,38577236
瑪娜精品服飾店,cloth,內湖區,核准設立,民權東路6段431號,25.0715763,121.60423459999998,38577860
欣嵐服裝行,cloth,萬華區,核准設立,大理街42之6號1樓,25.0344186,121.4999311,38578349
荷比馬流行飾品店,cloth,大同區,核准設立,鄭州路29巷2號1樓,25.0497419,121.514215,38578452
富鈺服飾企業社,cloth,中正區,核准設立,三元街200號1樓,25.0276581,121.5119467,38578930
大蕙服飾店,cloth,中山區,核准設立,林森北路96號1樓,25.0499602,121.524578,38579017
皇服精品店,cloth,大安區,核准設立,仁愛路4段122巷61號,25.0337252,121.5503287,38579781
伊勢貝精品服飾店,cloth,大安區,核准設立,和平東路3段68之1號,25.024399,121.550077,38580133
朝暐球鞋用品行,cloth,士林區,核准設立,小東街23號,25.0891766,121.526132,38580703
放風箏服飾店,cloth,萬華區,核准設立,成都路31號,25.042675,121.506762,38580886
和芬一起服飾店,cloth,中山區,核准設立,雙城街12巷16之3號,25.065336,121.5241711,38581528
樂海芮服飾行,cloth,大安區,核准設立,敦化南路1段160巷40號,25.0434503,121.5471118,38581745
弘晴服裝行,cloth,信義區,核准設立,永吉路459巷5弄2號,25.045919,121.578887,38582060
金韋服飾精品店敦南分店,cloth,大安區,核准設立,敦化南路1段187巷67、69號,25.0429534,121.5522942,38599169
韓飾飾品商行,cloth,信義區,核准設立,永吉路443巷5弄7號,25.046247,121.578583,38599560
無敵服飾精品店,cloth,信義區,核准設立,永吉路491巷5弄17號,25.046245000000006,121.579617,38632553
生生韓國女裝行,cloth,信義區,核准設立,永吉路459巷7弄25號,25.046247,121.579228,38645591
帕里服飾店,cloth,南港區,核准設立,玉成街14之11號,25.050531,121.581087,38649421
韓貴精品服飾店,cloth,萬華區,核准設立,環河南路2段122號2樓,25.0364957,121.4951876,41056359
東京直販進口精品服飾,cloth,松山區,核准設立,復興南路1段45號2樓之1,25.0455624,121.5441253,41058201
米索精品服飾企業社,cloth,文山區,核准設立,興隆路4段58巷1號5樓,24.9854097,121.5612012,41377731
帛姿服飾,cloth,大安區,核准設立,金山南路2段25之1號,25.0329438,121.52846370000002,42268789
芃羽精品服飾店,cloth,大安區,核准設立,敦化南路1段177巷15號,25.0431592,121.550145,42269366
純璉服飾店,cloth,大安區,核准設立,忠孝東路4段248巷29號1樓,25.0396283,121.5541533,42270477
曉福飾商行,cloth,大同區,核准設立,重慶北路1段26巷9弄3之3號,25.0511904,121.5133432,42270791
泊錞衣店,cloth,中山區,核准設立,中山北路1段138號,25.051494,121.52198500000002,42272236
潔麗服飾行,cloth,信義區,核准設立,永吉路443巷13弄14號,25.0469229,121.578963,42272377
阿諾斯黛爾精品服飾店,cloth,大安區,核准設立,大安路1段53號,25.0429928,121.5463168,42272691
塞維爾服飾工作室,cloth,萬華區,核准設立,開封街2段62之1號,25.046751,121.506743,42273586
大東八八服飾行,cloth,士林區,核准設立,大東路8號,25.0871994,121.5253874,42274608
千瑩服飾店,cloth,士林區,核准設立,承德路4段35號1樓,25.080918,121.522835,42275178
瑞丹服飾商行,cloth,大同區,核准設立,南京西路18巷26號1樓,25.0508649,121.520103,42275450
雅依服飾小舖,cloth,內湖區,核准設立,成功路4段60號1樓,25.0825496,121.5924879,42275901
昱昶服飾行,cloth,萬華區,核准設立,成都路35號,25.042694,121.506678,42276937
小象洗衣店,cloth,文山區,核准設立,興隆路1段55巷6號,25.003696100000006,121.5414455,42277302
綺儷服飾店,cloth,士林區,核准設立,大東路27號1樓,25.089174300000003,121.5251255,42277865
豔莉服飾行,cloth,信義區,核准設立,松山路119巷17弄6號,25.0476849,121.579462,42278061
可瑞衣坊,cloth,中正區,核准設立,愛國東路106之1號1樓,25.0317711,121.5273633,42278111
永彩飾坊,cloth,大同區,核准設立,延平北路2段247巷18號5樓,25.062216,121.5120122,42278484
創造力創意服飾,cloth,信義區,核准設立,松山路117號,25.047561,121.578005,42278490
艾綠絲香草服飾,cloth,信義區,核准設立,吳興街19號,25.0316475,121.5597791,42281349
興麗服飾行,cloth,文山區,核准設立,保儀路29號1樓,24.988055,121.56873799999998,42281376
愛無限服飾店,cloth,大安區,核准設立,忠孝東路4段205巷26弄6號,25.0432164,121.55145790000002,42281896
朵米娜歐日韓精品服飾,cloth,松山區,核准設立,民生東路5段36巷4弄49號1樓,25.0579967,121.5597902,42281930
千雅服飾行,cloth,信義區,核准設立,松山路119巷1弄15號,25.0478597,121.57868909999998,42282380
小彎荳服飾精品店,cloth,士林區,核准設立,德行東路11號,25.1068146,121.5255242,42282924
鹿町三樂集服飾商行,cloth,北投區,核准設立,中和街368號19樓之3,25.141997,121.499116,42283374
心飾力企業社,cloth,大安區,核准設立,大安路1段53號,25.0429928,121.5463168,42283445
艾卡米菈服飾店,cloth,大安區,核准設立,忠孝東路4段97號2樓之22,25.0417524,121.5478903,42283775
笪新寢飾名店,cloth,南港區,核准設立,忠孝東路7段586號1樓,25.052790100000006,121.6146218,42284373
忻悅服飾店,cloth,內湖區,核准設立,內湖路1段411巷11號,25.0822057,121.5712122,42284388
雙倍七服飾店,cloth,大安區,核准設立,大安路1段31巷38號1樓,25.0439215,121.5473495,42284599
該該貝比服飾店,cloth,信義區,核准設立,忠孝東路5段372巷27弄77之2號1樓,25.0396843,121.5765321,42285231
奇樂精品服飾,cloth,中山區,核准設立,復興北路66號,25.0507027,121.5439226,42285416
佳美飾品行,cloth,大同區,核准設立,重慶北路1段26巷56號,25.0509643,121.512457,42285561
鸚舞服飾行,cloth,南港區,核准設立,中坡北路68號1樓,25.047168,121.580948,42285632
麗爾服飾店,cloth,信義區,核准設立,永吉路443巷3弄16號,25.045928,121.578657,42285767
天絲服飾店,cloth,內湖區,核准設立,成功路4段30巷47號,25.0824497,121.59213590000002,42285788
日穠豐衣企業社,cloth,北投區,核准設立,溫泉路68巷2號,25.134858,121.505233,42285915
靡日服裝工作室,cloth,萬華區,核准設立,貴陽街二段29巷16號,25.0402295,121.5052388,42286230
佳依服裝行,cloth,信義區,核准設立,永吉路459巷7弄13號,25.046257,121.579086,42286415
玫瑰童話商行,cloth,松山區,核准設立,南京東路5段123巷4弄2號,25.0524833,121.56087209999998,42286702
珊佳服飾店,cloth,士林區,核准設立,福華路128巷2號1樓,25.1028277,121.5228488,42286941
妮軒服飾店,cloth,信義區,核准設立,永吉路443巷5弄4號,25.046137,121.578471,42287809
艾蜜娸精品服飾,cloth,士林區,核准設立,士東路105號1樓,25.1121034,121.5298401,42287890
名瑩服飾行,cloth,萬華區,核准設立,西寧南路129號,25.044262,121.50649,42288053
韋皇服飾店,cloth,士林區,核准設立,中正路216號,25.0955432,121.52617340000002,42288173
丁沛然服飾店,cloth,大同區,核准設立,歸綏街97巷24號3樓之1,25.0595189,121.5157481,42289356
蕾菈服飾精品店,cloth,松山區,核准設立,南京東路3段256巷57號,25.0491033,121.5445713,42289980
韓妮服飾企業社,cloth,士林區,核准設立,天母西路3號1樓之11,25.1185873,121.5292979,42291212
莉安服飾店,cloth,北投區,核准設立,光明路129號,25.133954,121.502158,42291402
溫妮服飾行,cloth,士林區,核准設立,德行東路11號,25.1068146,121.5255242,42291992
同欣圓服飾開發工作室,cloth,萬華區,核准設立,西寧南路72之1號4樓,25.043239,121.5059649,42292726
尚峰服飾店,cloth,南港區,核准設立,忠孝東路6段410號,25.0499764,121.5928682,42295152
小姐女孩服飾店,cloth,大安區,核准設立,敦化南路1段187巷75之1號,25.042613,121.55259879999998,42295688
開紅時尚衣坊,cloth,中山區,核准設立,中山北路2段20巷14號4樓,25.0534816,121.5212568,42295934
俏巧服飾,cloth,中山區,核准設立,四平街92號1樓,25.0535847,121.5344592,42296069
飛飛鞋店,cloth,中正區,核准設立,武昌街1段65號1樓,25.044236,121.510398,42296862
寶瑪服飾企業社,cloth,松山區,核准設立,復興北路313巷30之1號,25.0588398,121.5463723,42297089
黑糖妞妞服飾店,cloth,中山區,核准設立,民生東路2段148號,25.057812100000003,121.5323235,42297665
愛比門服飾,cloth,大安區,核准設立,龍泉街59號,25.023338,121.5294169,42298783
雲裳服飾精品坊,cloth,內湖區,核准設立,成功路4段20巷18號,25.081565,121.591085,42308255
儷坊服飾店,cloth,內湖區,核准設立,東湖路1號1樓,25.0689932,121.6122699,42329300
維塔國際精品服飾店,cloth,中山區,核准設立,南京東路2段115巷18號1樓,25.0531494,121.5335232,42335106
伊賞服裝行,cloth,萬華區,核准設立,艋舺大道120巷12號,25.0318833,121.5014031,42335513
春裳服飾店,cloth,中山區,核准設立,五常街53巷9號,25.064855,121.53969,42337435
三之六手工鞋店,cloth,中正區,核准設立,羅斯福路4段16號,25.0157197,121.5330248,42337575
立芳服飾,cloth,士林區,核准設立,大東路32號,25.0891298,121.5252656,42339187
樓梯強服飾店,cloth,士林區,核准設立,大東路26號,25.0889274,121.5251934,42339356
艾美俐服飾行,cloth,大安區,核准設立,泰順街40巷40號1樓,25.0242078,121.5295025,42339573
勝田騎士服飾用品專賣店,cloth,文山區,核准設立,木柵路2段47號1樓,24.9888896,121.5598912,42339784
昱大服飾行,cloth,大安區,核准設立,大安路1段63號,25.0425549,121.54627859999998,42339813
優蒂服飾店,cloth,中山區,核准設立,南京西路8號1樓,25.0522221,121.521762,42339840
南瓜車服飾行,cloth,信義區,核准設立,中坡北路43巷4號,25.046145000000006,121.580356,42339980
靚彩服飾店,cloth,大安區,核准設立,復興南路2段148巷46號,25.0285022,121.54154979999998,42340023
銨鉑花園精品服飾店,cloth,中山區,核准設立,中山北路2段96巷22號,25.059829,121.5217094,42340564
仟翔服飾行,cloth,信義區,核准設立,永吉路443巷3弄6號,25.045933,121.578505,42341613
法優服飾商行,cloth,信義區,核准設立,永吉路468巷17弄39號2樓,25.044873000000006,121.579922,42342113
靜瑟服飾精品店,cloth,大同區,核准設立,南京西路25巷46號,25.0572262,121.5204646,42342866
米吉服飾店,cloth,信義區,核准設立,松山路119巷17弄18號,25.0476749,121.579919,42343653
星何服飾行,cloth,大安區,核准設立,大安路1段51巷49號,25.043214000000006,121.548031,42345651
加士町潮流服飾,cloth,萬華區,核准設立,武昌街2段50巷11號,25.0443685,121.5070348,42346666
敏品服飾精品店,cloth,大安區,核准設立,敦化南路1段190巷20號,25.0425636,121.5475558,42346785
合磨服飾商行,cloth,松山區,核准設立,饒河街111號1樓,25.0505437,121.57417,42346997
晟翔服飾行,cloth,士林區,核准設立,大北路23號,25.0897336,121.5263555,42347089
巧如服飾行,cloth,松山區,核准設立,復興南路1段47巷15號,25.045311,121.5448035,42347503
童安閣童裝行,cloth,信義區,核准設立,永吉路523號1樓,25.0455889,121.580239,42348518
畢爾斯服飾店,cloth,萬華區,核准設立,漢口街2段74巷4號,25.0457719,121.50463,42381570
放風箏服飾店武昌店,cloth,萬華區,核准設立,武昌街2段50巷20號1樓,25.044192,121.506841,42504313
白馬洋服行,cloth,大安區,核准設立,通化街197號,25.0267906,121.5533869,42555591
蹦蹦小孩服裝工作室,cloth,中山區,核准設立,八德路2段229之1號2樓,25.046807,121.540274,47985445
升鴻服裝材料行,cloth,大同區,核准設立,長安西路338之3號1樓,25.0519111,121.5108229,48501799
三本服裝行,cloth,信義區,核准設立,松山路119巷1弄5號,25.047894,121.579607,48502397
衣米亞服飾行,cloth,信義區,核准設立,松山路119巷35號1樓,25.0475479,121.57996,48535284
樺穎服飾行,cloth,信義區,核准設立,永吉路443巷9弄14號1樓,25.046569,121.578731,48535622
錦足服裝行,cloth,信義區,核准設立,松山路193號1樓,25.045773,121.5779155,48535778
東太服飾行,cloth,萬華區,核准設立,西園路1段187號,25.0341755,121.4995373,48536087
順萊服裝行,cloth,信義區,核准設立,永吉路443巷11弄15之1號1樓,25.0467959,121.5790833,48536143
佳后服飾行,cloth,信義區,核准設立,松山路119巷12之1號1樓,25.039482,121.578795,48536158
弘莉服飾行,cloth,信義區,核准設立,松山路119巷12號1樓,25.0473169,121.578841,48536185
野野屋服飾店,cloth,萬華區,核准設立,中華路1段114巷33號1樓,25.0437739,121.507907,48558238
斯媚服飾名店,cloth,北投區,核准設立,光明路200號之9、1樓,25.135878100000003,121.5035939,48559546
雅芳服飾店,cloth,萬華區,核准設立,三水街78號、80號,25.0360049,121.50155459999999,48559932
吉陽服飾店,cloth,信義區,核准設立,松山路192號1樓,25.0458555,121.57760079999998,48559969
欣傳服裝行,cloth,士林區,核准設立,中山北路5段751巷18號1樓,25.099032,121.52618899999999,48583449
紘億服裝材料行,cloth,萬華區,核准設立,大理街28號4樓,25.0345297,121.5016801,48584094
天欣精品服飾坊,cloth,中山區,核准設立,民權東路3段14號1樓,25.0621007,121.539856,48635690
貳拾壹服飾行,cloth,信義區,核准設立,松山路119巷21號1樓,25.047574899999997,121.57936000000001,48636038
丰閣服飾精品店,cloth,中正區,核准設立,羅斯福路4段92號水源市場1樓第89號攤,25.013742999999998,121.53500490000002,48670268
衣川雜貨舖,cloth,中山區,核准設立,農安街9號之1,25.0651017,121.52335579999999,48679514
丸十國際服飾店,cloth,信義區,核准設立,松山路119巷26號1樓,25.047307,121.579398,48679556
西昌男飾店,cloth,萬華區,核准設立,西昌街211號,25.0377581,121.50072040000002,48682139
袁師傅時裝工作室,cloth,大同區,核准設立,迪化街1段21號永樂市場3樓3011號,25.055165600000002,121.510283,48685142
青青衣鋪,cloth,內湖區,核准設立,成功路4段30巷15號14樓,25.0821124,121.59173340000001,48685797
泰皇服飾店,cloth,信義區,核准設立,莊敬路474號1樓,25.026581600000004,121.5681074,48691361
衣緹服飾店,cloth,中正區,核准設立,羅斯福路1段12之1號,25.0319717,121.5185854,48693585
仰展服飾店,cloth,士林區,核准設立,美崙街15號1樓,25.097143300000003,121.5233768,48693683
琉璃光服飾店,cloth,大安區,核准設立,永康街31巷12號(1樓),25.03133,121.52991200000001,48694825
東尼服飾精品店,cloth,萬華區,核准設立,西寧南路72號之1，4樓,25.0433292,121.50598629999999,48697935
衫民主義服飾行,cloth,信義區,核准設立,松山路147之1號,25.046744,121.57798659999999,48701184
樺棋精品服飾店,cloth,中山區,核准設立,民族東路410巷38號1樓,25.0649653,121.5382127,48705392
今信服飾行,cloth,萬華區,核准設立,峨嵋街44號1樓,25.036467000000002,121.50405259999998,48708877
愛馬仕精品服飾店,cloth,萬華區,核准設立,西寧南路72之1號,25.043239,121.5059649,48709910
倍利童裝行,cloth,士林區,核准設立,中正路242號,25.0953182,121.52507240000001,48716530
吉旺服飾店,cloth,大安區,核准設立,忠孝東路3段263號2樓,25.041851100000002,121.5421538,48717165
秦家班戲劇服裝社,cloth,大同區,核准設立,承德路3段273號,25.072713,121.519241,48717257
五顏六色童裝店,cloth,信義區,核准設立,永吉路453號1樓,25.045593,121.57868,48717496
姍姆服飾店,cloth,內湖區,核准設立,成功路4段168之4號1樓,25.083085999999998,121.5930851,48720746
參姆服飾店,cloth,萬華區,核准設立,成都路24號1樓,25.042474,121.506752,48720773
慧俐服飾行,cloth,文山區,核准設立,木柵路3段116號,24.988685,121.56779399999999,48725159
方藝服裝行,cloth,萬華區,核准設立,西園路1段203巷4號,25.0336293,121.49977220000001,48727109
奶油服飾店,cloth,信義區,核准設立,永吉路459巷5弄17號,25.0460419,121.57911399999999,48731188
芹蒂偲服飾精品店,cloth,大安區,核准設立,大安路1段51巷49之3,25.043134,121.547982,48732200
小可愛童裝行,cloth,信義區,核准設立,永吉路447號,25.0455939,121.578496,48732308
潘客麗傢飾生活館,cloth,北投區,核准設立,中和街267號,25.140067300000002,121.50052579999999,48733670
水裳服飾店,cloth,士林區,核准設立,小東街16號,25.088917199999997,121.52614809999999,48734875
大加服飾行,cloth,信義區,核准設立,永吉路443巷13弄29號,25.04714,121.579531,48735889
美盈服裝行,cloth,信義區,核准設立,松山路119巷15號,25.047530899999998,121.579181,48736796
備註服飾行,cloth,信義區,核准設立,松山路119巷6號,25.047328,121.57859499999999,48738176
橙衣衫舖,cloth,信義區,核准設立,基隆路1段155號12樓,25.0421864,121.5654128,48738289
筱雅服裝材料行,cloth,大同區,核准設立,環河北路1段143號2樓,25.054576,121.507801,48739631
維娜絲服飾精品屋,cloth,萬華區,核准設立,西寧南路72號之1，1樓,25.0433292,121.50598629999999,48742798
雅曼尼西服名店,cloth,大安區,核准設立,光復南路80號,25.0447157,121.5575392,48743282
見興服裝行,cloth,信義區,核准設立,松山路150號1樓,25.046798000000003,121.577533,48747822
新桃源飾品店,cloth,大同區,核准設立,重慶北路1段26巷21號,25.0506577,121.51306899999999,48756292
姿君服飾精品店,cloth,中山區,核准設立,遼寧街133號,25.052180399999997,121.54223540000001,48756883
千岱皮鞋店,cloth,大安區,核准設立,臨江街49號1樓,25.029992,121.5557813,48767045
喬苑服飾行,cloth,北投區,核准設立,中和街399之6號,25.1429793,121.4982721,48774171
費歐娜服飾坊,cloth,大安區,核准設立,仁愛路4段345巷5弄15號,25.0385544,121.55474740000001,48777450
俐璇服飾行,cloth,中正區,核准設立,羅斯福路1段68號,25.0306548,121.5195601,48777769
元昱鞋業商行,cloth,大同區,核准設立,萬全街28之1號,25.058445000000003,121.52050700000001,48782025
玉峰服飾名店,cloth,士林區,核准設立,士東路33號,25.1119983,121.5272564,48782329
廣縉服飾行,cloth,中正區,核准設立,武昌街1段16巷14號,25.043293,121.51254499999999,48784467
奈特童裝行,cloth,信義區,核准設立,永吉路515號,25.04557,121.58021200000002,48784662
泓赫服飾行,cloth,大同區,核准設立,重慶北路1段3之1號,25.0498051,121.51362490000001,48788029
婕的店服飾精品商行,cloth,中山區,核准設立,安東街19號,25.0451853,121.54237979999999,48790453
慶佳服飾店,cloth,大同區,核准設立,重慶北路1段41號,25.0508827,121.51387959999998,48795041
自立專業服裝社,cloth,南港區,核准設立,興南街59號4樓,25.056003,121.600625,48799905
婕是禮服精品店,cloth,中正區,核准設立,羅斯福路4段68之2號,25.014616,121.53423000000001,48802388
蘭妮女裝行,cloth,萬華區,核准設立,西園路1段187號,25.0341755,121.49953729999999,48803372
悅芳服裝行,cloth,萬華區,核准設立,西園路1段187之1號1樓,25.0341421,121.49953570000001,48803555
賀群服裝行,cloth,萬華區,核准設立,大理街42之13號1樓,25.0344027,121.49974950000001,48803577
金格服裝行,cloth,萬華區,核准設立,西園路1段187號,25.0341755,121.49953729999999,48803680
大亞服飾店,cloth,信義區,核准設立,永吉路443巷13弄7號,25.047135,121.57871599999999,48803794
萊雅服飾店,cloth,士林區,核准設立,士東路46巷52號1樓,25.1108699,121.52842290000001,48804766
順美服裝行,cloth,萬華區,核准設立,萬大路12號,25.032415,121.50045779999999,48805110
芭緹服飾名店,cloth,文山區,核准設立,景文街13之1號,24.9939171,121.5412128,48808019
白色電線桿服飾店,cloth,大安區,核准設立,忠孝東路4段205巷3號,25.0418201,121.5519691,48810182
普天設計裝潢社,cloth,大安區,核准設立,瑞安街102號,25.0299439,121.5428655,48816593
明日之嶼服飾店,cloth,大安區,核准設立,忠孝東路4段101巷45號,25.04331,121.548217,48822722
棒棒糖童衣舖,cloth,中山區,核准設立,民權東路2段94號1樓,25.0622594,121.5318436,48822878
衣之家服飾精品行,cloth,中山區,核准設立,林森北路398號1樓,25.059067000000002,121.525329,48823124
亞堤盈禮服名店,cloth,萬華區,核准設立,西寧南路36號2樓之112,25.0452425,121.5064943,48831573
瀅于精品服飾店,cloth,中山區,核准設立,林森北路289號,25.0556128,121.5256821,48832242
晶鑽飾品百貨行,cloth,大同區,核准設立,重慶北路1段55號,25.051223,121.5140057,48837767
上群服裝行,cloth,萬華區,核准設立,西園路1段197號,25.0339258,121.4995567,48837773
盛發服裝行,cloth,萬華區,核准設立,西園路1段179號,25.0345473,121.49946899999999,48840051
家嘉服飾行,cloth,萬華區,核准設立,西園路1段179號,25.0345473,121.49946899999999,48840067
哪麗服裝行,cloth,萬華區,核准設立,西園路1段282巷12號,25.033576899999996,121.498934,48840361
三姊妹服裝行,cloth,萬華區,核准設立,西園路1段28巷16號1樓,25.0334383,121.49874540000002,48842403
大進服裝行,cloth,萬華區,核准設立,西園路1段282巷16號1樓,25.033604999999998,121.498847,48842419
純奇服飾店,cloth,中正區,核准設立,羅斯福路4段72號,25.014467899999996,121.534272,48842804
悅成服飾店,cloth,中正區,核准設立,沅陵街17號,25.042903,121.51198400000001,48843819
月秀服飾店,cloth,大安區,核准設立,復興南路1段251號,25.036845899999996,121.543985,48843971
登甲服飾行,cloth,松山區,核准設立,永吉路459巷5弄9號,25.046039999999998,121.579007,48845443
慶旭嫁粧寢飾行,cloth,萬華區,核准設立,廣州街201號,25.036727600000003,121.5004402,48847060
美洲童裝坊,cloth,信義區,核准設立,永吉路519號,25.045567000000002,121.5803,48851768
東潮服飾店,cloth,大安區,核准設立,敦化南路1段161巷64號1樓,25.043373499999998,121.55221090000002,48852035
小伊安童裝屋,cloth,大同區,核准設立,大龍街128號,25.06707,121.5158564,48852366
雅佶麗鞋坊,cloth,中山區,核准設立,雙城街12巷19號,25.0644971,121.52434129999999,48855770
恬綺服飾精品名店,cloth,大安區,核准設立,臨江街58號,25.0296852,121.55586809999998,48856980
尚華皮件服飾精品行,cloth,南港區,核准設立,興華路30巷8號,25.0553347,121.60546979999998,48863883
新新服裝行,cloth,萬華區,核准設立,和平西路3段106號,25.0350861,121.50063909999999,48868304
樺冠服裝行,cloth,萬華區,核准設立,康定路358號,25.034761800000002,121.5010397,48870815
富媚服飾店,cloth,萬華區,核准設立,成都路7號1樓,25.04269,121.50778999999999,48871053
美如雲服飾,cloth,大安區,核准設立,臨江街77號1樓,25.0300625,121.5553315,48872692
心儀服飾行,cloth,中正區,核准設立,武昌街1段40號,25.044027,121.511762,48876563
艾邦服飾店,cloth,大安區,核准設立,龍泉街70號,25.0233736,121.52927220000001,48877802
夏翊服飾行,cloth,士林區,核准設立,大南路3號,25.0888642,121.5263737,48881799
若紋歐洲服飾,cloth,文山區,核准設立,木柵路3段99號,24.988887899999998,121.567952,48882919
萬華鞋坊,cloth,萬華區,核准設立,西昌街235號,25.0371905,121.5006735,48883760
藝術家服飾坊,cloth,大安區,核准設立,雲和街60號1樓,25.023484,121.529517,48886366
艾妮精品服飾店,cloth,內湖區,核准設立,康樂街74巷1號,25.0696508,121.61867450000001,48890592
創衣形象行,cloth,大同區,核准設立,延平北路2段43巷12號1樓,25.0551489,121.51239059999999,48891044
利春服飾店,cloth,松山區,核准設立,南京東路5段51號,25.0517744,121.55899129999999,48891348
大師服飾坊,cloth,大安區,核准設立,雲和街75巷5號,25.023772,121.53011699999999,48891641
伊捷服飾精品店,cloth,萬華區,核准設立,中華路1段144之6號,25.043160999999998,121.50807549999999,48894268
阿爾紅服飾店,cloth,大安區,核准設立,大安路1段71號,25.042377399999996,121.54627409999999,48896569
金鑽石芭比服飾店,cloth,大安區,核准設立,臨江街11號,25.029654,121.55686159999999,48897053
昆華服飾精品行,cloth,內湖區,核准設立,民權東路6段86號,25.0687183,121.58580970000001,48897188
木棉花服飾店,cloth,大同區,核准設立,重慶北路1段22號之11、16及25,25.050507,121.513411,48907405
冠慶牛仔服裝城,cloth,信義區,核准設立,松山路119巷18號,25.047311999999998,121.579102,48907881
愛的彩衣行,cloth,信義區,核准設立,基隆路2段25號,25.0317172,121.55899280000001,48910008
喜芝梅經典服飾店,cloth,中山區,核准設立,民生東路1段18號,25.0578611,121.52359550000001,48921722
衣麗百貨行,cloth,大同區,核准設立,迪化街1段21號2樓第2113號攤位,25.054566,121.510314,48924679
老爺洋服屋,cloth,中山區,核准設立,中山北路2段37之2號地下,25.0534764,121.5228399,48926254
亞堤服飾店,cloth,中正區,核准設立,羅斯福路4段66巷2號,25.0159358,121.5327773,48931030
開封服飾店,cloth,中正區,核准設立,重慶南路1段13號,25.046118,121.51338740000001,48934655
祥昇皮飾店,cloth,大同區,核准設立,重慶北路1段47號,25.050952,121.51395500000001,48936247
琄琄歐洲精品服飾館,cloth,大安區,核准設立,忠孝東路4段97號4樓,25.041752399999996,121.54789029999999,48936979
謬思服飾,cloth,內湖區,核准設立,成功路4段182巷6弄47號,25.0832987,121.5927982,48939808
衣流行服飾店,cloth,士林區,核准設立,士東路20號1樓,25.111753,121.52699399999999,48943303
華瀚童裝行,cloth,信義區,核准設立,永吉路451號,25.045589899999996,121.578621,48946456
花兒服飾店,cloth,內湖區,核准設立,東湖路33巷2號,25.069065,121.6136907,48949427
花朵精品服飾店,cloth,中山區,核准設立,農安街24之2號,25.0657336,121.52970520000001,48950394
吸引力服飾店,cloth,信義區,核准設立,松山路119巷32號,25.047301,121.579623,48951035
邦妮精品服飾行,cloth,文山區,核准設立,景興路235號,24.991248199999998,121.5437031,48954223
富琪服飾行,cloth,士林區,核准設立,文林路501號,25.0965393,121.52409679999998,48955285
新發服飾,cloth,信義區,核准設立,永吉路517巷8弄4號,25.0464389,121.580285,48955449
法蘭奇精品服飾店,cloth,大安區,核准設立,通化街155號,25.0286677,121.55395490000001,48956833
斐得服飾精品店,cloth,大安區,核准設立,泰順街44巷20號1樓,25.023776,121.53031200000001,48959162
意想不到服飾精品店,cloth,信義區,核准設立,永吉路517巷6號1樓,25.0464779,121.580169,48959466
壁虎服飾店,cloth,信義區,核准設立,永吉路459巷5弄27號,25.046039999999998,121.579247,48959655
丹柔服飾行,cloth,中山區,核准設立,林森北路96之2號,25.0500142,121.5246675,48961104
金絲帶服飾花坊,cloth,中正區,核准設立,沅陵街19號1樓,25.042903,121.51193,48961322
仕英服飾行,cloth,大同區,核准設立,長安西路220巷23號,25.0508273,121.51461670000002,48961364
阿蓁服飾店,cloth,內湖區,核准設立,內湖路1段737巷33弄2號,25.0797542,121.57898859999999,48962498
瑪奇朵皮飾坊,cloth,士林區,核准設立,德行東路190巷31弄11號,25.1076664,121.5322804,48964186
荷李活服飾行,cloth,文山區,核准設立,景美街28號,24.991201899999997,121.541777,48964539
水晶服飾,cloth,中山區,核准設立,林森北路556號,25.064289399999996,121.5254986,48964989
菲菲服飾店,cloth,信義區,核准設立,永吉路443巷13弄9號,25.0471319,121.578822,48967310
富凱服飾行,cloth,中正區,核准設立,羅斯福路4段20號1樓,25.015653399999998,121.5330129,48972524
富雅服飾商行,cloth,中正區,核准設立,博愛路138、140號,25.04285,121.511394,48974699
王盛服飾精品店,cloth,大安區,核准設立,忠孝東路4段97號3樓之47,25.041752399999996,121.54789029999999,48975542
凱斯諾服飾店,cloth,萬華區,核准設立,昆明街96巷6之2號,25.0447004,121.5049125,48982966
花田屋服飾店,cloth,大同區,核准設立,重慶北路1段22號2樓之3,25.050550199999996,121.51345479999999,48983590
衫姆服飾店,cloth,士林區,核准設立,中正路206號1樓,25.0956895,121.5267331,48983698
米綺服飾店,cloth,大同區,核准設立,重慶北路1段22號2樓之32,25.050550199999996,121.51345479999999,48995532
魚尾服飾精品店,cloth,萬華區,核准設立,西寧南路72號之1、4樓,25.0433292,121.50598629999999,48998799
嬿淨服飾坊,cloth,士林區,核准設立,重慶北路4段49巷15弄56號2樓之14,25.081845899999998,121.5120754,48998854
芭莉奇服飾行,cloth,松山區,核准設立,中崙里復興南路1段47巷15號1樓,25.045310999999998,121.54480349999999,49920882
精緻服裝設計工作室,cloth,大同區,核准設立,塔城街62號,25.052819,121.51023300000001,73872642
冠婷服飾行,cloth,萬華區,核准設立,康定路239號、241號,25.035038600000004,121.5013057,73900751
生根服飾店,cloth,萬華區,核准設立,西園路1段268號1樓,25.0340773,121.499283,73902287
上點飾品,cloth,萬華區,核准設立,西寧南路72號之1,25.0433292,121.50598629999999,77130852
金莉服裝行,cloth,萬華區,核准設立,西園路1段282巷21號地下樓店舖,25.033772199999998,121.49868559999999,77131971
稻葉服裝行,cloth,萬華區,核准設立,西園路1段282巷21號地下樓店舖,25.033772199999998,121.49868559999999,77136271
桑迪服飾行,cloth,大安區,核准設立,復興南路1段107巷47號,25.043744,121.54607069999999,77144103
新日新男裝店,cloth,萬華區,核准設立,和平西路3段99號1樓,25.0353687,121.5007642,77146812
可萊登服飾店,cloth,大同區,核准設立,長安西路238號、240號,25.0514353,121.5142043,77153828
百怪牛仔服飾店,cloth,萬華區,核准設立,武昌街2段50巷10號1樓,25.044412,121.50689299999999,77169589
漢琳服裝行,cloth,大同區,核准設立,重慶北路1段49巷21號1樓,25.0509831,121.5145388,77532011
歐霓服飾行,cloth,大安區,核准設立,忠孝東路4段216巷62號1樓,25.0386487,121.55284180000001,77843330
莉蓮服飾精品店,cloth,大安區,核准設立,忠孝東路4段146巷21號,25.040594100000003,121.54976620000001,77845891
昵昵服飾商行,cloth,中正區,核准設立,寧波西街33號,25.0311591,121.5180665,77881122
琴和服飾店,cloth,大安區,核准設立,忠孝東路4段97號2樓之13,25.041752399999996,121.54789029999999,77891331
秀佳人服飾行,cloth,大安區,核准設立,和平東路2段96巷3號,25.024780800000002,121.54148319999999,77907122
良美內衣行,cloth,萬華區,核准設立,大理街90號,25.03426,121.4982574,77917851
星品飾品銀樓,cloth,松山區,核准設立,民生東路3段113巷8號1樓,25.059225100000003,121.5460646,78338958
沛麗服飾店,cloth,南港區,核准設立,三重路17號1樓,25.0559808,121.61378140000001,78351311
衣櫃風景服飾店,cloth,文山區,核准設立,興隆路4段64之1號,24.9850892,121.5613176,80981531
愛不釋手衣坊,cloth,中山區,核准設立,松江路23號1樓,25.0469625,121.5331537,81618270
星星飾品店,cloth,萬華區,核准設立,西寧南路131號,25.044168,121.50644399999999,81691285
新貴服飾店,cloth,萬華區,核准設立,西寧南路72之1號3樓,25.043239,121.5059649,81706962
黑皮皮鞋店,cloth,大安區,核准設立,和平東路3段48號1樓,25.024495,121.5480232,81726616
雅飾服飾材料行,cloth,大同區,核准設立,華亭街45號,25.053397,121.51325,81732379
水月青衣坊,cloth,文山區,核准設立,興隆路2段220巷51號1樓,24.9997549,121.55199979999999,81737888
亞美服裝號,cloth,萬華區,核准設立,大理街42之3號1樓,25.0344274,121.5000244,81742221
克萊服裝行,cloth,萬華區,核准設立,大理街55之1號1樓,25.0346246,121.5003218,81745640
俏點衣坊,cloth,松山區,核准設立,民生東路5段8號1樓,25.058215899999997,121.55575879999999,81762942
新淑佳人服飾店,cloth,中正區,核准設立,羅斯福路4段136巷1號1樓,25.012837,121.53555959999998,81794156
肯得服飾設計坊,cloth,士林區,核准設立,大西路32號,25.0904938,121.52440959999998,83917020
華一皮飾名店,cloth,北投區,核准設立,光明路132之6號1樓,25.133747,121.50226799999999,83917485
師大衣著店,cloth,大安區,核准設立,師大路49巷12號1樓,25.024165,121.52930400000001,83917746
小精靈童裝行,cloth,大安區,核准設立,大安路1段51巷23號1樓,25.043226999999998,121.547366,83933529
沛可服飾行,cloth,士林區,核准設立,大南路33號,25.0891248,121.52548200000001,83947805
景虹服裝行,cloth,萬華區,核准設立,大理街63號1樓,25.0345569,121.4996865,94912986
旺美精品服飾店,cloth,中山區,核准設立,民族東路410巷36號1樓,25.0647614,121.5381189,98882858
大榮成衣店,cloth,中正區,核准設立,沅陵街9號,25.042886,121.51233700000002,98883575
?悅軒服裝精品店,cloth,大安區,核准設立,安和路1段127巷9號,25.0347564,121.55309409999998,98894453
晟偉服飾店,cloth,士林區,核准設立,大南路14號,25.089057500000003,121.5260588,98896001
月光花瓣精品服飾店,cloth,大安區,核准設立,忠孝東路4段216巷30號1樓,25.0400104,121.55280590000001,98913037
勝宏服裝行,cloth,萬華區,核准設立,康定路354號1樓,25.0347458,121.5010116,99346954
美文戲劇舞蹈服裝社,cloth,內湖區,核准設立,成功路2段250巷9弄9號,25.0665314,121.59005719999999,99347953
花樣年華服飾店,cloth,大同區,核准設立,華陰街80號,25.0503629,121.51451200000001,99426921
康橋服飾行,cloth,大安區,核准設立,永康街13巷2之1號,25.0325489,121.52995530000001,99620592
歐普德服飾精品,cloth,信義區,核准設立,虎林街55巷6號,25.047404999999998,121.577193,99634266
上淇服飾精品店,cloth,北投區,核准設立,知行路302號1樓,25.1220716,121.46745700000001,99945732
歐氏旅遊休閒服飾名店,cloth,中正區,核准設立,寧波西街45號1樓,25.031001999999997,121.517873,99947730
衣多美服飾行,cloth,士林區,核准設立,大東路15之2號1樓,25.088137699999997,121.52506299999999,99952352
宜昌睡衣坊,cloth,萬華區,核准設立,西昌街223號(1樓),25.0374353,121.5007163,99952487
涵韻服飾店,cloth,士林區,核准設立,和豐街24號1樓,25.082778100000002,121.5184173,99952515
潤屋服裝行,cloth,士林區,核准設立,和豐街33巷5號1樓,25.0823146,121.5182488,99953676
橄欖樹精品服飾店,cloth,信義區,核准設立,忠孝東路5段372巷27弄77之1號1樓,25.039881,121.57645500000001,99954751
生緯服裝行,cloth,大同區,核准設立,太原路11巷10號1樓,25.0495327,121.5155398,99956420
泰弘服裝行,cloth,萬華區,核准設立,汀州路1段5號,25.0332793,121.5047575,99960120
欣霓精品服飾,cloth,內湖區,核准設立,成功路3段174巷33弄14號1樓,25.082002300000003,121.59100000000001,99960260
野豹服飾行,cloth,中山區,核准設立,中山北路3段25之36號,25.065075,121.522729,99966362
時尚服飾店,cloth,文山區,核准設立,羅斯福路6段16號,25.0001404,121.5395134,99975904
黛雅精品服飾店,cloth,松山區,核准設立,新中街11號1樓,25.057729100000003,121.56050690000001,99981482
菲柏瑞服飾店,cloth,大安區,核准設立,敦化南路1段187巷60號1樓,25.042436399999996,121.5521491,99983860
喨瑪精品服飾店,cloth,大安區,核准設立,忠孝東路4段205巷29弄1號1樓,25.043193,121.55199909999999,99984951
馨華服飾名店,cloth,內湖區,核准設立,成功路4段30巷14號,25.0821308,121.5914855,99987009
佳均服裝材料行,cloth,大同區,核准設立,延平北路2段61巷11號,25.055551899999998,121.51211289999999,99987198
麗華服飾店,cloth,士林區,核准設立,文林路512號1樓,25.096971,121.5241994,99987388
景騰服飾精品店,cloth,萬華區,核准設立,武昌街2段50巷8號1樓,25.044448000000003,121.506905,99987922
衣軒服飾行,cloth,北投區,核准設立,石牌路1段87號1樓,25.1138843,121.5116135,99990503
柔柔服飾店,cloth,大安區,核准設立,忠孝東路四段315號1樓,25.041611899999996,121.5559331,99991616
巧藝時裝工作室,cloth,大同區,核准設立,迪化街1段21號3樓永樂市場第3045號攤位,25.055165600000002,121.510283,99991685
鈺飾精品店,cloth,文山區,核准設立,興隆路4段203號,24.9829391,121.56244769999999,99993369
